Report ID,Report Version,Reporting Entity,Report Type,Report Month,Report Year,Report Submission Date,VIN,VIN - Unknown,Serial Number,Make,Model,Model - Unknown,Model Year,Model Year - Unknown,Same Vehicle ID,Mileage,Mileage - Unknown,Driver / Operator Type,ADAS/ADS Version,ADAS/ADS Version - Unknown,ADAS/ADS Version CBI,ADS Equipped?,Automation System Engaged?,Operating Entity,Operating Entity - Unknown,Source - Complaint/Claim,Source - Telematics,Source - Law Enforcement,Source - Field Report,Source - Testing,Source - Media,Source - Other,Source - Other Text,Incident Date,Incident Date - Unknown,Notice Received Date,Incident Time (24:00),Incident Time - Unknown,Same Incident ID,Latitude,Latitude  - Unknown,Longitude,Longitude - Unknown,Address,Address - Unknown,City,City - Unknown,State,Zip Code,Zip Code - Unknown,Roadway Type,Roadway Surface,Roadway Description,Posted Speed Limit (MPH),Posted Speed Limit - Unknown,Lighting,Weather - Clear,Weather - Snow,Weather - Cloudy,Weather - Fog/Smoke,Weather - Rain,Weather - Severe Wind,Weather - Unknown,Weather - Other,Weather - Other Text,Crash With,Highest Injury Severity,Property Damage?,CP Pre-Crash Movement,CP Any Air Bags Deployed?,CP Was Vehicle Towed?,CP Contact Area - Rear Left,CP Contact Area - Left,CP Contact Area - Front Left,CP Contact Area - Rear,CP Contact Area - Top,CP Contact Area - Front,CP Contact Area - Rear Right,CP Contact Area - Right,CP Contact Area - Front Right,CP Contact Area - Bottom,CP Contact Area - Unknown,SV Pre-Crash Movement,SV Any Air Bags Deployed?,SV Was Vehicle Towed?,SV Were All Passengers Belted?,SV Precrash Speed (MPH),SV Pre-crash Speed - Unknown,SV Contact Area - Rear Left,SV Contact Area - Left,SV Contact Area - Front Left,SV Contact Area - Rear,SV Contact Area - Top,SV Contact Area - Front,SV Contact Area - Rear Right,SV Contact Area - Right,SV Contact Area - Front Right,SV Contact Area - Bottom,SV Contact Area - Unknown,Data Availability - EDR,Data Availability - Police Rpt,Data Availability - Telematics,Data Availability - Complaints,Data Availability - Video,Data Availability - Other,Data Availability - No Data,Data Availability - Unknown,Law Enforcement Investigating?,Investigating Agency,Investigating Agency - Unknown,Rep Ent Or Mfr Investigating?,Investigating Officer Name,Inv. Officer Name - Unknown,Investigating Officer Phone,Inv. Officer Phone - Unknown,Investigating Officer Email,Inv. Officer Email - Unknown,Within ODD?,Within ODD? - CBI,Narrative,Narrative - CBI?
753-4134,2,"Kia America, Inc.",10-Day Update,,,Nov-22,KNDC44LA9N5, ,[MAY CONTAIN PERSONALLY IDENTIFIABLE INFORMATION],Kia,EV6, ,2022, ,9747604087dd97e,10193, ,Consumer,,Y, ,No,ADAS,, , , , , , , ,Y,NHTSA VOQ,,Y,Oct-22,,Y, ,,Y,,Y,,Y,,Y,UNK,,Y,Highway / Freeway,Unknown,Unknown,,Y,Unknown, , , , , , ,Y, ,,Other Fixed Object,Unknown,Unknown,,,, , , , , , , , , , , ,Proceeding Straight,Yes,Unknown,Unknown,,Y, ,Y,Y, , , , , , , , , , , , , , , ,Y,Unknown,,Y,Yes,,Y,,Y,,Y,"Unknown, see Narrative", ,"Following receipt of 10/27/2022 VOQ#5 (ODI 11491182), involving a 2022MY EV6, Kia attempted to identify the VIN which was completed on 10/31/22.  The VOQ alleges that the vehicle was being driven on the freeway with lane keep assist and adaptive cruise control when the customer took his eyes off the road to grab something from the backseat and claims the system either disengaged without warning or decided to steer to the left.  Customer further alleged the vehicle drifted 2 lanes to the left and made an impact with the center road barrier resulting in the deployment of the airbag and non-specified injuries.  Customer further alleges that the HDA (Highway Driving Assist) may not have been functioning properly.  Customer did not contact Kia regarding the incident.  The vehicle was instead located by Kia at a Copart facility.  Kia Customer Care is in the process of reaching out to the insurance company to obtain permission to inspect the vehicle.  Kia has no further information at this time.
***11/9/2022 10-Day Update Report***
Kia is tentatively scheduled to inspect the subject vehicle located at the Copart facility in San Martin, CA. on November 17, 2022.  At that time, Kia will also download/read available EDR data.  As a result, Kia has no additional information at this time.  In addition, Kia has not received any contact from the customer.", 
13781-4166,1,"Tesla, Inc.",1-Day,,,Nov-22,7SAYGDEF8NF, ,N/A,Tesla,Model Y, ,2022, ,52295f938c84088,1558, ,Consumer,"[REDACTED, MAY CONTAIN CONFIDENTIAL BUSINESS INFORMATION]", ,Y,No,ADAS,, , ,Y, , , , , ,,Nov-22, ,Nov-22,20:50, ,11b8aa6084e4f09,[MAY CONTAIN PERSONALLY IDENTIFIABLE INFORMATION], ,[MAY CONTAIN PERSONALLY IDENTIFIABLE INFORMATION], ,[MAY CONTAIN PERSONALLY IDENTIFIABLE INFORMATION], ,Stevensville, ,MD ,[MAY CONTAIN PERSONALLY IDENTIFIABLE INFORMATION], ,Unknown,Unknown,Unknown,,Y,Unknown, , , , , , ,Y, ,,Unknown,Unknown,Unknown,Unknown,Unknown,Unknown, , , , , , , , , , ,Y,Unknown,No,Yes,Unknown,,Y, , , , , , , , , , ,Y,Y, , , , , , , ,Unknown,,Y,Unknown,,Y,,Y,,Y,"[REDACTED, MAY CONTAIN CONFIDENTIAL BUSINESS INFORMATION]",Y,"[REDACTED, MAY CONTAIN CONFIDENTIAL BUSINESS INFORMATION]",Y
13781-4156,2,"Tesla, Inc.",10-Day Update,,,Nov-22,5YJYGDEF9LF, ,N/A,Tesla,Model Y, ,2020, ,5429fdc376ca4d8,33699, ,Consumer,"[REDACTED, MAY CONTAIN CONFIDENTIAL BUSINESS INFORMATION]", ,Y,No,ADAS,, , ,Y, , , , , ,,Nov-22, ,Nov-22,6:26, ,9f35815e3a91b0e,[MAY CONTAIN PERSONALLY IDENTIFIABLE INFORMATION], ,[MAY CONTAIN PERSONALLY IDENTIFIABLE INFORMATION], ,[MAY CONTAIN PERSONALLY IDENTIFIABLE INFORMATION], ,Midland, ,VA ,[MAY CONTAIN PERSONALLY IDENTIFIABLE INFORMATION], ,Rural Road,Dry,No Unusual Conditions,45, ,Dark - Not Lighted,Y, , , , , , , ,,Other Fixed Object,Unknown,Yes,,,, , , , , , , , , , , ,Proceeding Straight,No,Yes,Unknown,40, , , , , , ,Y, ,Y,Y, , ,Y, ,Y, ,Y,Y, , ,Unknown,,Y,Unknown,,Y,,Y,,Y,"[REDACTED, MAY CONTAIN CONFIDENTIAL BUSINESS INFORMATION]",Y,"[REDACTED, MAY CONTAIN CONFIDENTIAL BUSINESS INFORMATION]",Y
13781-4129,2,"Tesla, Inc.",10-Day Update,,,Nov-22,5YJYGDEE3MF, ,N/A,Tesla,Model Y, ,2021, ,7328f326536ccd3,19710, ,Consumer,"[REDACTED, MAY CONTAIN CONFIDENTIAL BUSINESS INFORMATION]", ,Y,No,ADAS,, , ,Y, , , , , ,,Oct-22, ,Oct-22,18:54, ,f7ae98bd348c81e,[MAY CONTAIN PERSONALLY IDENTIFIABLE INFORMATION], ,[MAY CONTAIN PERSONALLY IDENTIFIABLE INFORMATION], ,[MAY CONTAIN PERSONALLY IDENTIFIABLE INFORMATION], ,Poplarville, ,MS ,[MAY CONTAIN PERSONALLY IDENTIFIABLE INFORMATION], ,Highway / Freeway,Wet,No Unusual Conditions,70, ,Daylight, , ,Y, ,Y, , , ,,"Other, see Narrative",Unknown,Yes,Unknown,Unknown,Unknown, , , , , , , , , , ,Y,Proceeding Straight,Yes,Unknown,Unknown,8, ,Y,Y,Y,Y, ,Y,Y,Y,Y,Y, ,Y, ,Y, ,Y,Y, , ,Unknown,,Y,Unknown,,Y,,Y,,Y,"[REDACTED, MAY CONTAIN CONFIDENTIAL BUSINESS INFORMATION]",Y,"[REDACTED, MAY CONTAIN CONFIDENTIAL BUSINESS INFORMATION]",Y
13781-4125,2,"Tesla, Inc.",10-Day Update,,,Nov-22,5YJ3E1EA6JF, ,N/A,Tesla,Model 3, ,2018, ,2a3abb888b1b02e,57946, ,Consumer,"[REDACTED, MAY CONTAIN CONFIDENTIAL BUSINESS INFORMATION]", ,Y,No,ADAS,, , ,Y, , , , , ,,Oct-22, ,Oct-22,5:39, ,2d98c9523046047,[MAY CONTAIN PERSONALLY IDENTIFIABLE INFORMATION], ,[MAY CONTAIN PERSONALLY IDENTIFIABLE INFORMATION], ,[MAY CONTAIN PERSONALLY IDENTIFIABLE INFORMATION], ,Ocala, ,FL ,[MAY CONTAIN PERSONALLY IDENTIFIABLE INFORMATION], ,Intersection,Dry,No Unusual Conditions,35, ,Dark - Lighted,Y, , , , , , , ,,Pole / Tree,Unknown,Yes,,,, , , , , , , , , , , ,Proceeding Straight,Yes,Unknown,Unknown,21, , , ,Y, , ,Y, , ,Y,Y, ,Y, ,Y, ,Y,Y, , ,Unknown,,Y,Unknown,,Y,,Y,,Y,"[REDACTED, MAY CONTAIN CONFIDENTIAL BUSINESS INFORMATION]",Y,"[REDACTED, MAY CONTAIN CONFIDENTIAL BUSINESS INFORMATION]",Y
13781-4124,2,"Tesla, Inc.",10-Day Update,,,Nov-22,5YJ3E1EA5NF, ,N/A,Tesla,Model 3, ,2022, ,e33641f0a83b8e0,13179, ,Consumer,"[REDACTED, MAY CONTAIN CONFIDENTIAL BUSINESS INFORMATION]", ,Y,No,ADAS,, , ,Y, , , , , ,,Oct-22, ,Oct-22,5:36, ,d87a11756f04480,[MAY CONTAIN PERSONALLY IDENTIFIABLE INFORMATION], ,[MAY CONTAIN PERSONALLY IDENTIFIABLE INFORMATION], ,[MAY CONTAIN PERSONALLY IDENTIFIABLE INFORMATION], ,Stafford Township, ,NJ ,[MAY CONTAIN PERSONALLY IDENTIFIABLE INFORMATION], ,Highway / Freeway,Dry,No Unusual Conditions,65, ,Dark - Lighted,Y, , , , , , , ,,Animal,Unknown,Yes,Unknown,,, , , , , , , , , , , ,Proceeding Straight,Yes,Unknown,Unknown,76, , , ,Y, , ,Y, , ,Y, , ,Y, ,Y, ,Y,Y, , ,Unknown,,Y,Unknown,,Y,,Y,,Y,"[REDACTED, MAY CONTAIN CONFIDENTIAL BUSINESS INFORMATION]",Y,"[REDACTED, MAY CONTAIN CONFIDENTIAL BUSINESS INFORMATION]",Y
12381-4095,2,"Daimler Trucks North America, LLC",10-Day Update,,,Nov-22,3AKJHHDR0NS, ,[MAY CONTAIN PERSONALLY IDENTIFIABLE INFORMATION],Freightliner,Cascadia, ,2022, ,3212ca89f2300c1,,Y,Consumer,"[REDACTED, MAY CONTAIN CONFIDENTIAL BUSINESS INFORMATION]", ,Y,No,"Unknown, see Narrative",, , , , ,Y, , , ,,Oct-22, ,Oct-22,,Y,f115f56ccbe3776,,Y,,Y,,Y,,Y,IN ,,Y,Highway / Freeway,Dry,No Unusual Conditions,60, ,Daylight,Y, , , , , , , ,,"Other, see Narrative",Unknown,Yes,"Other, see Narrative",No,No, , , , , , , , , , ,Y,Proceeding Straight,Unknown,Yes,Yes,67, , , , , , , , , , , ,Y, , , , ,Y, , , ,Unknown,,Y,Unknown,,Y,,Y,,Y,Yes, ,"On October [XXX], 2022, Daimler Truck was notified of an incident involving a 2022 Freightliner Cascadia traveling [XXX]. [REDACTED, MAY CONTAIN CONFIDENTIAL BUSINESS INFORMATION]. The subject vehicle did not collide with any other road users or vehicles. Final resting place of the vehicle occurred when the subject vehicle traveled through some trees and impacted a building. There were no occupants in the building that the subject vehicle struck. DTNA is providing this information in good faith and in an abundance of caution.",Y
13781-4156,1,"Tesla, Inc.",1-Day,,,Nov-22,5YJYGDEF9LF, ,N/A,Tesla,Model Y, ,2020, ,5429fdc376ca4d8,33699, ,Consumer,"[REDACTED, MAY CONTAIN CONFIDENTIAL BUSINESS INFORMATION]", ,Y,No,ADAS,, , ,Y, , , , , ,,Nov-22, ,Nov-22,6:26, ,9f35815e3a91b0e,[MAY CONTAIN PERSONALLY IDENTIFIABLE INFORMATION], ,[MAY CONTAIN PERSONALLY IDENTIFIABLE INFORMATION], ,[MAY CONTAIN PERSONALLY IDENTIFIABLE INFORMATION], ,Midland, ,VA ,[MAY CONTAIN PERSONALLY IDENTIFIABLE INFORMATION], ,Unknown,Unknown,Unknown,,Y,Unknown, , , , , , ,Y, ,,Unknown,Unknown,Unknown,Unknown,Unknown,Unknown, , , , , , , , , , ,Y,Unknown,No,Yes,Unknown,,Y, , , , , , , , , , ,Y,Y, , , , , , , ,Unknown,,Y,Unknown,,Y,,Y,,Y,"[REDACTED, MAY CONTAIN CONFIDENTIAL BUSINESS INFORMATION]",Y,"[REDACTED, MAY CONTAIN CONFIDENTIAL BUSINESS INFORMATION]",Y
13781-4122,2,"Tesla, Inc.",10-Day Update,,,Nov-22,5YJXCAE43GF, ,N/A,Tesla,Model X, ,2016, ,b788f9c1f7ccc68,37804, ,Consumer,"[REDACTED, MAY CONTAIN CONFIDENTIAL BUSINESS INFORMATION]", ,Y,No,ADAS,, , ,Y, , , , , ,,Oct-22, ,Oct-22,20:29, ,2b98add3da05203,[MAY CONTAIN PERSONALLY IDENTIFIABLE INFORMATION], ,[MAY CONTAIN PERSONALLY IDENTIFIABLE INFORMATION], ,[MAY CONTAIN PERSONALLY IDENTIFIABLE INFORMATION], ,Fort Meyers, ,FL ,[MAY CONTAIN PERSONALLY IDENTIFIABLE INFORMATION], ,Highway / Freeway,Unknown,Unknown,70, ,Unknown, , , , , , ,Y, ,,Unknown,Unknown,Yes,Unknown,Unknown,Unknown, , , , , , , , , , ,Y,Proceeding Straight,Yes,Unknown,Unknown,75, , , , , , , , , , , ,Y,Y, ,Y, ,Y,Y, , ,Unknown,,Y,Unknown,,Y,,Y,,Y,"[REDACTED, MAY CONTAIN CONFIDENTIAL BUSINESS INFORMATION]",Y,"[REDACTED, MAY CONTAIN CONFIDENTIAL BUSINESS INFORMATION]",Y
13781-4121,2,"Tesla, Inc.",10-Day Update,,,Nov-22,5YJ3E1EB7MF, ,N/A,Tesla,Model 3, ,2021, ,ed4a11c632ce4da,33628, ,Consumer,"[REDACTED, MAY CONTAIN CONFIDENTIAL BUSINESS INFORMATION]", ,Y,No,ADAS,, , ,Y, , , , , ,,Oct-22, ,Oct-22,3:01, ,0646172295c7aa5,[MAY CONTAIN PERSONALLY IDENTIFIABLE INFORMATION], ,[MAY CONTAIN PERSONALLY IDENTIFIABLE INFORMATION], ,[MAY CONTAIN PERSONALLY IDENTIFIABLE INFORMATION], ,Acworth, ,GA ,[MAY CONTAIN PERSONALLY IDENTIFIABLE INFORMATION], ,Rural Road,Wet,No Unusual Conditions,55, ,Dark - Not Lighted, , ,Y, ,Y, , , ,,"Other, see Narrative",Unknown,Yes,Unknown,Unknown,Unknown, , , , , , , , , , ,Y,Proceeding Straight,Yes,Unknown,Unknown,39, ,Y,Y,Y,Y,Y,Y,Y,Y,Y,Y, ,Y, ,Y, ,Y,Y, , ,Unknown,,Y,Unknown,,Y,,Y,,Y,"[REDACTED, MAY CONTAIN CONFIDENTIAL BUSINESS INFORMATION]",Y,"[REDACTED, MAY CONTAIN CONFIDENTIAL BUSINESS INFORMATION]",Y
13781-4120,2,"Tesla, Inc.",10-Day Update,,,Nov-22,7SAYGAEE1NF, ,N/A,Tesla,Model Y, ,2022, ,fd4ca8789a27997,26039, ,Consumer,"[REDACTED, MAY CONTAIN CONFIDENTIAL BUSINESS INFORMATION]", ,Y,No,ADAS,, , ,Y, , , , , ,,Oct-22, ,Oct-22,18:58, ,b86826bb1830cf3,[MAY CONTAIN PERSONALLY IDENTIFIABLE INFORMATION], ,[MAY CONTAIN PERSONALLY IDENTIFIABLE INFORMATION], ,[MAY CONTAIN PERSONALLY IDENTIFIABLE INFORMATION], ,Whitney, ,TX ,[MAY CONTAIN PERSONALLY IDENTIFIABLE INFORMATION], ,Rural Road,Dry,No Unusual Conditions,60, ,Daylight,Y, , , , , , , ,,Unknown,Unknown,Yes,Unknown,Unknown,Unknown, , , , , , , , , , ,Y,Proceeding Straight,Yes,Unknown,Unknown,61, , , , , , , , , , , ,Y,Y, ,Y, ,Y,Y, , ,Unknown,,Y,Unknown,,Y,,Y,,Y,"[REDACTED, MAY CONTAIN CONFIDENTIAL BUSINESS INFORMATION]",Y,"[REDACTED, MAY CONTAIN CONFIDENTIAL BUSINESS INFORMATION]",Y
13781-4118,2,"Tesla, Inc.",10-Day Update,,,Nov-22,5YJ3E1EB0KF, ,N/A,Tesla,Model 3, ,2019, ,bbfde8526defec3,65324, ,Consumer,"[REDACTED, MAY CONTAIN CONFIDENTIAL BUSINESS INFORMATION]", ,Y,No,ADAS,, , ,Y, , , , , ,,Oct-22, ,Oct-22,11:07, ,c7002845e831b27,[MAY CONTAIN PERSONALLY IDENTIFIABLE INFORMATION], ,[MAY CONTAIN PERSONALLY IDENTIFIABLE INFORMATION], ,[MAY CONTAIN PERSONALLY IDENTIFIABLE INFORMATION], ,Guyton, ,GA ,[MAY CONTAIN PERSONALLY IDENTIFIABLE INFORMATION], ,Unknown,Unknown,Unknown,55, ,Unknown, , , , , , ,Y, ,,Unknown,Unknown,Yes,Unknown,Unknown,Unknown, , , , , , , , , , ,Y,Proceeding Straight,Yes,Unknown,Unknown,54, , , , , , , , , , , ,Y,Y, ,Y, , ,Y, , ,Unknown,,Y,Unknown,,Y,,Y,,Y,"[REDACTED, MAY CONTAIN CONFIDENTIAL BUSINESS INFORMATION]",Y,"[REDACTED, MAY CONTAIN CONFIDENTIAL BUSINESS INFORMATION]",Y
13781-4107,2,"Tesla, Inc.",10-Day Update,,,Nov-22,5YJ3E1EB2LF, ,N/A,Tesla,Model 3, ,2020, ,e1288d03493f288,33122, ,Consumer,"[REDACTED, MAY CONTAIN CONFIDENTIAL BUSINESS INFORMATION]", ,Y,No,ADAS,, , ,Y, , , , , ,,Oct-22, ,Oct-22,9:46, ,2564dd425a1fdcc,[MAY CONTAIN PERSONALLY IDENTIFIABLE INFORMATION], ,[MAY CONTAIN PERSONALLY IDENTIFIABLE INFORMATION], ,[MAY CONTAIN PERSONALLY IDENTIFIABLE INFORMATION], ,Trenton, ,NJ ,[MAY CONTAIN PERSONALLY IDENTIFIABLE INFORMATION], ,Highway / Freeway,Wet,No Unusual Conditions,65, ,Dark - Lighted, , ,Y, ,Y, , , ,,Other Fixed Object,Unknown,Yes,,,, , , , , , , , , , , ,Proceeding Straight,Yes,Unknown,Unknown,27, , ,Y,Y, , , , , , , , ,Y, ,Y, ,Y, , , ,Unknown,,Y,Unknown,,Y,,Y,,Y,"[REDACTED, MAY CONTAIN CONFIDENTIAL BUSINESS INFORMATION]",Y,"[REDACTED, MAY CONTAIN CONFIDENTIAL BUSINESS INFORMATION]",Y
13781-4106,2,"Tesla, Inc.",10-Day Update,,,Nov-22,5YJYGDEF7LF, ,N/A,Tesla,Model Y, ,2020, ,eff6c2b8267609d,25906, ,Consumer,"[REDACTED, MAY CONTAIN CONFIDENTIAL BUSINESS INFORMATION]", ,Y,No,ADAS,, , ,Y, , , , , ,,Oct-22, ,Oct-22,18:20, ,55ba24e16d0e131,[MAY CONTAIN PERSONALLY IDENTIFIABLE INFORMATION], ,[MAY CONTAIN PERSONALLY IDENTIFIABLE INFORMATION], ,[MAY CONTAIN PERSONALLY IDENTIFIABLE INFORMATION], ,Frisco, ,TX ,[MAY CONTAIN PERSONALLY IDENTIFIABLE INFORMATION], ,Highway / Freeway,Wet,No Unusual Conditions,50, ,Daylight, , ,Y, ,Y, , , ,,Other Fixed Object,Unknown,Yes,,,, , , , , , , , , , , ,Proceeding Straight,Yes,Unknown,Unknown,39, , , ,Y, , ,Y, , ,Y, , ,Y, ,Y, ,Y,Y, , ,Unknown,,Y,Unknown,,Y,,Y,,Y,"[REDACTED, MAY CONTAIN CONFIDENTIAL BUSINESS INFORMATION]",Y,"[REDACTED, MAY CONTAIN CONFIDENTIAL BUSINESS INFORMATION]",Y
13781-4102,2,"Tesla, Inc.",10-Day Update,,,Nov-22,7SAYGDEF9NF, ,N/A,Tesla,Model Y, ,2022, ,d9f879cb4fa8eea,17028, ,Consumer,"[REDACTED, MAY CONTAIN CONFIDENTIAL BUSINESS INFORMATION]", ,Y,No,ADAS,, , ,Y, , , , , ,,Oct-22, ,Oct-22,22:25, ,f52aa20067618fb,[MAY CONTAIN PERSONALLY IDENTIFIABLE INFORMATION], ,[MAY CONTAIN PERSONALLY IDENTIFIABLE INFORMATION], ,[MAY CONTAIN PERSONALLY IDENTIFIABLE INFORMATION], ,Renton, ,WA ,[MAY CONTAIN PERSONALLY IDENTIFIABLE INFORMATION], ,Intersection,Wet,No Unusual Conditions,35, ,Daylight, , ,Y, ,Y, , , ,,Passenger Car,Unknown,Yes,Making Left Turn,Yes,Unknown, , , , , ,Y, ,Y,Y, , ,Proceeding Straight,Yes,Unknown,Unknown,44, , , ,Y, , ,Y, , , , , ,Y, ,Y, ,Y,Y, , ,Unknown,,Y,Unknown,,Y,,Y,,Y,"[REDACTED, MAY CONTAIN CONFIDENTIAL BUSINESS INFORMATION]",Y,"[REDACTED, MAY CONTAIN CONFIDENTIAL BUSINESS INFORMATION]",Y
13781-4101,2,"Tesla, Inc.",10-Day Update,,,Nov-22,5YJ3E1EB6NF, ,N/A,Tesla,Model 3, ,2022, ,b410113a580a75d,23333, ,Consumer,"[REDACTED, MAY CONTAIN CONFIDENTIAL BUSINESS INFORMATION]", ,Y,No,ADAS,, , ,Y, , , , , ,,Oct-22, ,Oct-22,4:02, ,ea78ae3b98e2cc5,[MAY CONTAIN PERSONALLY IDENTIFIABLE INFORMATION], ,[MAY CONTAIN PERSONALLY IDENTIFIABLE INFORMATION], ,[MAY CONTAIN PERSONALLY IDENTIFIABLE INFORMATION], ,Hillview, ,KY ,[MAY CONTAIN PERSONALLY IDENTIFIABLE INFORMATION], ,Rural Road,Dry,No Unusual Conditions,45, ,Dark - Not Lighted,Y, , , , , , , ,,Unknown,Unknown,Yes,Unknown,Unknown,Unknown, , , , , , , , , , ,Y,Proceeding Straight,Yes,Unknown,Unknown,28, , , , , , , , , , , ,Y,Y, ,Y, ,Y,Y, , ,Unknown,,Y,Unknown,,Y,,Y,,Y,"[REDACTED, MAY CONTAIN CONFIDENTIAL BUSINESS INFORMATION]",Y,"[REDACTED, MAY CONTAIN CONFIDENTIAL BUSINESS INFORMATION]",Y
13781-4099,2,"Tesla, Inc.",10-Day Update,,,Nov-22,5YJ3E1EA7LF, ,N/A,Tesla,Model 3, ,2020, ,fd04058f97d683f,33370, ,Consumer,"[REDACTED, MAY CONTAIN CONFIDENTIAL BUSINESS INFORMATION]", ,Y,No,ADAS,, , ,Y, , , , , ,,Oct-22, ,Oct-22,6:15, ,c5c19520202b3e5,[MAY CONTAIN PERSONALLY IDENTIFIABLE INFORMATION], ,[MAY CONTAIN PERSONALLY IDENTIFIABLE INFORMATION], ,[MAY CONTAIN PERSONALLY IDENTIFIABLE INFORMATION], ,Mango, ,FL ,[MAY CONTAIN PERSONALLY IDENTIFIABLE INFORMATION], ,Highway / Freeway,Dry,No Unusual Conditions,70, ,Dark - Lighted,Y, , , , , , , ,,Pickup Truck,Unknown,Yes,"Other, see Narrative",Unknown,Unknown, , ,Y, , ,Y, , , , , ,Proceeding Straight,Yes,Unknown,Unknown,69, ,Y, , ,Y, , , , , , , ,Y, ,Y, ,Y,Y, , ,Unknown,,Y,Unknown,,Y,,Y,,Y,"[REDACTED, MAY CONTAIN CONFIDENTIAL BUSINESS INFORMATION]",Y,"[REDACTED, MAY CONTAIN CONFIDENTIAL BUSINESS INFORMATION]",Y
753-4134,1,"Kia America, Inc.",1-Day,,,Nov-22,KNDC44LA9N5, ,[MAY CONTAIN PERSONALLY IDENTIFIABLE INFORMATION],Kia,EV6, ,2022, ,9747604087dd97e,10193, ,Consumer,,Y, ,No,ADAS,, , , , , , , ,Y,NHTSA VOQ,,Y,Oct-22,,Y, ,,Y,,Y,,Y,,Y,UNK,,Y,Highway / Freeway,Unknown,Unknown,,Y,Unknown, , , , , , ,Y, ,,Other Fixed Object,Unknown,Unknown,,,, , , , , , , , , , , ,Proceeding Straight,Yes,Unknown,Unknown,,Y, ,Y,Y, , , , , , , , , , , , , , , ,Y,Unknown,,Y,No,,Y,,Y,,Y,"Unknown, see Narrative", ,"Following receipt of 10/[XXX]/2022 VOQ#5 (ODI 11491182), involving a 2022MY EV6, Kia attempted to identify the VIN which was completed on 10/[XXX]/22.  The VOQ alleges that the vehicle was being driven on the freeway with lane keep assist and adaptive cruise control when the customer took his eyes off the road to grab something from the backseat and claims the system either disengaged without warning or decided to steer to the left.  Customer further alleged the vehicle drifted 2 lanes to the left and made an impact with the center road barrier resulting in the deployment of the airbag and non-specified injuries.  Customer further alleges that the HDA (Highway Driving Assist) may not have been functioning properly.  Customer did not contact Kia regarding the incident.  The vehicle was instead located by Kia at a Copart facility.  Kia Customer Care is in the process of reaching out to the insurance company to obtain permission to inspect the vehicle.  Kia has no further information at this time.", 
855-4093,2,"Mercedes-Benz USA, LLC",10-Day Update,,,Oct-22,W1K6G7GB9NA, ,[MAY CONTAIN PERSONALLY IDENTIFIABLE INFORMATION],Mercedes-Benz,S580 4Matic, ,2022, ,c74a0e0bc94faa7,12029, ,Consumer,Distronic with Active Steering Assist, , ,No,ADAS,, ,Y, , , , , , ,,Oct-22, ,Oct-22,,Y,fe972d0186a8be5,[MAY CONTAIN PERSONALLY IDENTIFIABLE INFORMATION], ,[MAY CONTAIN PERSONALLY IDENTIFIABLE INFORMATION], ,[MAY CONTAIN PERSONALLY IDENTIFIABLE INFORMATION], ,College Grove, ,TN ,[MAY CONTAIN PERSONALLY IDENTIFIABLE INFORMATION], ,Highway / Freeway,Unknown,Unknown,45, ,Unknown, , , , , , ,Y, ,,Other Fixed Object,Minor,Yes,,,, , , , , , , , , , , ,Unknown,Yes,Unknown,Unknown,,Y, , , , , , , , , , ,Y, , ,Y,Y, , , , ,Unknown,,Y,Yes,,Y,,Y,,Y,"Unknown, see Narrative", ,"Owner description was updated: Accident occurred when the adaptive cruise controls were turned on. The customer states that he was driving along on an open wet road in rural Tennessee with his hand slightly on the steering wheel as the vehicle was keeping itself in the lane on its own. However, at some point a phone call came in and he tapped the ignore button on the steering wheel and at that time, the vehicle began to veer off of the road as he grabbed the steering wheel. The vehicle went down an embankment and into a fence as he tried to hit the brakes to slow the vehicle down. Lane Keeping Assist was turned on as well. No errors popped up on the dashboard.   The customer also alleges they sustained a leg/ankle injury. The injury severity is currently unknown.", 
13781-4129,1,"Tesla, Inc.",1-Day,,,Oct-22,5YJYGDEE3MF, ,N/A,Tesla,Model Y, ,2021, ,7328f326536ccd3,19710, ,Consumer,"[REDACTED, MAY CONTAIN CONFIDENTIAL BUSINESS INFORMATION]", ,Y,No,ADAS,, , ,Y, , , , , ,,Oct-22, ,Oct-22,18:54, ,f7ae98bd348c81e,[MAY CONTAIN PERSONALLY IDENTIFIABLE INFORMATION], ,[MAY CONTAIN PERSONALLY IDENTIFIABLE INFORMATION], ,[MAY CONTAIN PERSONALLY IDENTIFIABLE INFORMATION], ,Poplarville, ,MS ,[MAY CONTAIN PERSONALLY IDENTIFIABLE INFORMATION], ,Unknown,Unknown,Unknown,,Y,Unknown, , , , , , ,Y, ,,Unknown,Unknown,Yes,Unknown,Unknown,Unknown, , , , , , , , , , ,Y,Unknown,Yes,Unknown,Unknown,,Y, , , , , , , , , , ,Y,Y, , , , , , , ,Unknown,,Y,Unknown,,Y,,Y,,Y,"[REDACTED, MAY CONTAIN CONFIDENTIAL BUSINESS INFORMATION]",Y,"[REDACTED, MAY CONTAIN CONFIDENTIAL BUSINESS INFORMATION]",Y