Report ID,Report Version,Reporting Entity,Report Type,Report Month,Report Year,Report Submission Date,VIN,VIN - Unknown,Serial Number,Make,Model,Model - Unknown,Model Year,Model Year - Unknown,Same Vehicle ID,Mileage,Mileage - Unknown,Driver / Operator Type,ADAS/ADS Version,ADAS/ADS Version - Unknown,ADAS/ADS Version CBI,ADS Equipped?,Automation System Engaged?,Operating Entity,Operating Entity - Unknown,Source - Complaint/Claim,Source - Telematics,Source - Law Enforcement,Source - Field Report,Source - Testing,Source - Media,Source - Other,Source - Other Text,Incident Date,Incident Date - Unknown,Notice Received Date,Incident Time (24:00),Incident Time - Unknown,Same Incident ID,Latitude,Latitude  - Unknown,Longitude,Longitude - Unknown,Address,Address - Unknown,City,City - Unknown,State,Zip Code,Zip Code - Unknown,Roadway Type,Roadway Surface,Roadway Description,Posted Speed Limit (MPH),Posted Speed Limit - Unknown,Lighting,Weather - Clear,Weather - Snow,Weather - Cloudy,Weather - Fog/Smoke,Weather - Rain,Weather - Severe Wind,Weather - Unknown,Weather - Other,Weather - Other Text,Crash With,Highest Injury Severity,Property Damage?,CP Pre-Crash Movement,CP Any Air Bags Deployed?,CP Was Vehicle Towed?,CP Contact Area - Rear Left,CP Contact Area - Left,CP Contact Area - Front Left,CP Contact Area - Rear,CP Contact Area - Top,CP Contact Area - Front,CP Contact Area - Rear Right,CP Contact Area - Right,CP Contact Area - Front Right,CP Contact Area - Bottom,CP Contact Area - Unknown,SV Pre-Crash Movement,SV Any Air Bags Deployed?,SV Was Vehicle Towed?,SV Were All Passengers Belted?,SV Precrash Speed (MPH),SV Pre-crash Speed - Unknown,SV Contact Area - Rear Left,SV Contact Area - Left,SV Contact Area - Front Left,SV Contact Area - Rear,SV Contact Area - Top,SV Contact Area - Front,SV Contact Area - Rear Right,SV Contact Area - Right,SV Contact Area - Front Right,SV Contact Area - Bottom,SV Contact Area - Unknown,Data Availability - EDR,Data Availability - Police Rpt,Data Availability - Telematics,Data Availability - Complaints,Data Availability - Video,Data Availability - Other,Data Availability - No Data,Data Availability - Unknown,Law Enforcement Investigating?,Investigating Agency,Investigating Agency - Unknown,Rep Ent Or Mfr Investigating?,Investigating Officer Name,Inv. Officer Name - Unknown,Investigating Officer Phone,Inv. Officer Phone - Unknown,Investigating Officer Email,Inv. Officer Email - Unknown,Within ODD?,Within ODD? - CBI,Narrative,Narrative - CBI?
13781-4086,1,"Tesla, Inc.",1-Day,,,Oct-22,7SAXCBE6XNF, ,N/A,Tesla,Model X, ,2022, ,c92de6e99bf322e,9110, ,Consumer,"[REDACTED, MAY CONTAIN CONFIDENTIAL BUSINESS INFORMATION]", ,Y,No,ADAS,, , ,Y, , , , , ,,Oct-22, ,Oct-22,12:56, ,d666effc8a7c449,[MAY CONTAIN PERSONALLY IDENTIFIABLE INFORMATION], ,[MAY CONTAIN PERSONALLY IDENTIFIABLE INFORMATION], ,[MAY CONTAIN PERSONALLY IDENTIFIABLE INFORMATION], ,Hamilton, ,NJ ,[MAY CONTAIN PERSONALLY IDENTIFIABLE INFORMATION], ,Unknown,Unknown,Unknown,,Y,Unknown, , , , , , ,Y, ,,Unknown,Unknown,Unknown,Unknown,Unknown,Unknown, , , , , , , , , , ,Y,Unknown,No,Yes,Unknown,,Y, , , , , , , , , , ,Y,Y, , , , , , , ,Unknown,,Y,Unknown,,Y,,Y,,Y,"[REDACTED, MAY CONTAIN CONFIDENTIAL BUSINESS INFORMATION]",Y,"[REDACTED, MAY CONTAIN CONFIDENTIAL BUSINESS INFORMATION]",Y
13781-4076,1,"Tesla, Inc.",1-Day,,,Oct-22,5YJYGDEEXMF, ,N/A,Tesla,Model Y, ,2021, ,b4da1018a9917fc,35537, ,Consumer,"[REDACTED, MAY CONTAIN CONFIDENTIAL BUSINESS INFORMATION]", ,Y,No,ADAS,, , ,Y, , , , , ,,Oct-22, ,Oct-22,23:18, ,b1c182fdd773b75,[MAY CONTAIN PERSONALLY IDENTIFIABLE INFORMATION], ,[MAY CONTAIN PERSONALLY IDENTIFIABLE INFORMATION], ,[MAY CONTAIN PERSONALLY IDENTIFIABLE INFORMATION], ,Southampton Township, ,NJ ,[MAY CONTAIN PERSONALLY IDENTIFIABLE INFORMATION], ,Unknown,Unknown,Unknown,,Y,Unknown, , , , , , ,Y, ,,Unknown,Unknown,Yes,Unknown,Unknown,Unknown, , , , , , , , , , ,Y,Unknown,Yes,Unknown,Unknown,,Y, , , , , , , , , , ,Y,Y, , , , , , , ,Unknown,,Y,Unknown,,Y,,Y,,Y,"[REDACTED, MAY CONTAIN CONFIDENTIAL BUSINESS INFORMATION]",Y,"[REDACTED, MAY CONTAIN CONFIDENTIAL BUSINESS INFORMATION]",Y
13781-4070,1,"Tesla, Inc.",1-Day,,,Oct-22,5YJYGDEEXMF, ,N/A,Tesla,Model Y, ,2021, ,4eacc4fea1dedb9,23014, ,Consumer,"[REDACTED, MAY CONTAIN CONFIDENTIAL BUSINESS INFORMATION]", ,Y,No,ADAS,, , ,Y, , , , , ,,Oct-22, ,Oct-22,14:57, ,2c9f2dbd972b293,[MAY CONTAIN PERSONALLY IDENTIFIABLE INFORMATION], ,[MAY CONTAIN PERSONALLY IDENTIFIABLE INFORMATION], ,[MAY CONTAIN PERSONALLY IDENTIFIABLE INFORMATION], ,Houston, ,TX ,[MAY CONTAIN PERSONALLY IDENTIFIABLE INFORMATION], ,Unknown,Unknown,Unknown,,Y,Unknown, , , , , , ,Y, ,,Unknown,Unknown,Yes,Unknown,Unknown,Unknown, , , , , , , , , , ,Y,Unknown,Yes,Unknown,Unknown,,Y, , , , , , , , , , ,Y,Y, , , , , , , ,Unknown,,Y,Unknown,,Y,,Y,,Y,"[REDACTED, MAY CONTAIN CONFIDENTIAL BUSINESS INFORMATION]",Y,"[REDACTED, MAY CONTAIN CONFIDENTIAL BUSINESS INFORMATION]",Y
13781-4068,1,"Tesla, Inc.",1-Day,,,Oct-22,5YJYGDEE3MF, ,N/A,Tesla,Model Y, ,2021, ,88c6924880910e3,72243, ,Consumer,"[REDACTED, MAY CONTAIN CONFIDENTIAL BUSINESS INFORMATION]", ,Y,No,ADAS,, , ,Y, , , , , ,,Oct-22, ,Oct-22,13:00, ,a626dd73ba4d35f,[MAY CONTAIN PERSONALLY IDENTIFIABLE INFORMATION], ,[MAY CONTAIN PERSONALLY IDENTIFIABLE INFORMATION], ,[MAY CONTAIN PERSONALLY IDENTIFIABLE INFORMATION], ,Andover, ,CT ,[MAY CONTAIN PERSONALLY IDENTIFIABLE INFORMATION], ,Unknown,Unknown,Unknown,,Y,Unknown, , , , , , ,Y, ,,Unknown,Unknown,Yes,Unknown,Unknown,Unknown, , , , , , , , , , ,Y,Unknown,Yes,Unknown,Unknown,,Y, , , , , , , , , , ,Y,Y, , , , , , , ,Unknown,,Y,Unknown,,Y,,Y,,Y,"[REDACTED, MAY CONTAIN CONFIDENTIAL BUSINESS INFORMATION]",Y,"[REDACTED, MAY CONTAIN CONFIDENTIAL BUSINESS INFORMATION]",Y
13781-4067,1,"Tesla, Inc.",1-Day,,,Oct-22,5YJ3E1EB5LF, ,N/A,Tesla,Model 3, ,2020, ,344acc6531430a3,21521, ,Consumer,"[REDACTED, MAY CONTAIN CONFIDENTIAL BUSINESS INFORMATION]", ,Y,No,ADAS,, , ,Y, , , , , ,,Oct-22, ,Oct-22,5:01, ,7d04433d7379116,[MAY CONTAIN PERSONALLY IDENTIFIABLE INFORMATION], ,[MAY CONTAIN PERSONALLY IDENTIFIABLE INFORMATION], ,,Y,Austin, ,TX ,[MAY CONTAIN PERSONALLY IDENTIFIABLE INFORMATION], ,Unknown,Unknown,Unknown,,Y,Unknown, , , , , , ,Y, ,,Unknown,Unknown,Yes,Unknown,Unknown,Unknown, , , , , , , , , , ,Y,Unknown,Yes,Unknown,Unknown,,Y, , , , , , , , , , ,Y,Y, , , , , , , ,Unknown,,Y,Unknown,,Y,,Y,,Y,"[REDACTED, MAY CONTAIN CONFIDENTIAL BUSINESS INFORMATION]",Y,"[REDACTED, MAY CONTAIN CONFIDENTIAL BUSINESS INFORMATION]",Y
13781-4066,1,"Tesla, Inc.",1-Day,,,Oct-22,5YJSA1E61MF, ,N/A,Tesla,Model S, ,2021, ,5fa6071ddbf983f,9226, ,Consumer,"[REDACTED, MAY CONTAIN CONFIDENTIAL BUSINESS INFORMATION]", ,Y,No,ADAS,, , ,Y, , , , , ,,Oct-22, ,Oct-22,1:40, ,a0aaf3f2a3c06b3,[MAY CONTAIN PERSONALLY IDENTIFIABLE INFORMATION], ,[MAY CONTAIN PERSONALLY IDENTIFIABLE INFORMATION], ,[MAY CONTAIN PERSONALLY IDENTIFIABLE INFORMATION], ,Estero, ,FL ,[MAY CONTAIN PERSONALLY IDENTIFIABLE INFORMATION], ,Unknown,Unknown,Unknown,,Y,Unknown, , , , , , ,Y, ,,Unknown,Unknown,Yes,Unknown,Unknown,Unknown, , , , , , , , , , ,Y,Unknown,Yes,Unknown,Unknown,,Y, , , , , , , , , , ,Y,Y, , , , , , , ,Unknown,,Y,Unknown,,Y,,Y,,Y,"[REDACTED, MAY CONTAIN CONFIDENTIAL BUSINESS INFORMATION]",Y,"[REDACTED, MAY CONTAIN CONFIDENTIAL BUSINESS INFORMATION]",Y
13781-4065,1,"Tesla, Inc.",1-Day,,,Oct-22,5YJYGDEE3LF, ,N/A,Tesla,Model Y, ,2020, ,a69237e047b5bcd,85884, ,Consumer,"[REDACTED, MAY CONTAIN CONFIDENTIAL BUSINESS INFORMATION]", ,Y,No,ADAS,, , ,Y, , , , , ,,Oct-22, ,Oct-22,18:32, ,c6793ca68886b4d,[MAY CONTAIN PERSONALLY IDENTIFIABLE INFORMATION], ,[MAY CONTAIN PERSONALLY IDENTIFIABLE INFORMATION], ,[MAY CONTAIN PERSONALLY IDENTIFIABLE INFORMATION], ,Bentonville, ,AR ,[MAY CONTAIN PERSONALLY IDENTIFIABLE INFORMATION], ,Unknown,Unknown,Unknown,,Y,Unknown, , , , , , ,Y, ,,Unknown,Unknown,Yes,Unknown,Unknown,Unknown, , , , , , , , , , ,Y,Unknown,Yes,Unknown,Unknown,,Y, , , , , , , , , , ,Y,Y, , , , , , , ,Unknown,,Y,Unknown,,Y,,Y,,Y,"[REDACTED, MAY CONTAIN CONFIDENTIAL BUSINESS INFORMATION]",Y,"[REDACTED, MAY CONTAIN CONFIDENTIAL BUSINESS INFORMATION]",Y
13781-3988,2,"Tesla, Inc.",10-Day Update,,,Oct-22,7SAYGDEEXNF, ,N/A,Tesla,Model Y, ,2022, ,7ba03ea9999f91b,9104, ,Consumer,"[REDACTED, MAY CONTAIN CONFIDENTIAL BUSINESS INFORMATION]", ,Y,No,ADAS,, , ,Y, , , , , ,,Oct-22, ,Oct-22,3:53, ,ca227b3ff33d817,[MAY CONTAIN PERSONALLY IDENTIFIABLE INFORMATION], ,[MAY CONTAIN PERSONALLY IDENTIFIABLE INFORMATION], ,[MAY CONTAIN PERSONALLY IDENTIFIABLE INFORMATION], ,Everett, ,WA ,[MAY CONTAIN PERSONALLY IDENTIFIABLE INFORMATION], ,Street,Dry,No Unusual Conditions,35, ,Dark - Lighted,Y, , , , , , , ,,Passenger Car,Unknown,Yes,Lane / Road Departure,Unknown,Unknown, ,Y,Y, , , , , , , , ,Proceeding Straight,Yes,Unknown,Unknown,54, , , , , , , ,Y,Y,Y, , ,Y, ,Y, ,Y,Y, , ,Unknown,,Y,Unknown,,Y,,Y,,Y,"[REDACTED, MAY CONTAIN CONFIDENTIAL BUSINESS INFORMATION]",Y,"[REDACTED, MAY CONTAIN CONFIDENTIAL BUSINESS INFORMATION]",Y
13781-3976,2,"Tesla, Inc.",10-Day Update,,,Oct-22,5YJ3E1EC9MF, ,N/A,Tesla,Model 3, ,2021, ,fab0e2ed6ebb9e6,36792, ,Consumer,"[REDACTED, MAY CONTAIN CONFIDENTIAL BUSINESS INFORMATION]", ,Y,No,ADAS,, , ,Y, , , , , ,,Oct-22, ,Oct-22,21:24, ,a5e1f7a09127d06,[MAY CONTAIN PERSONALLY IDENTIFIABLE INFORMATION], ,[MAY CONTAIN PERSONALLY IDENTIFIABLE INFORMATION], ,[MAY CONTAIN PERSONALLY IDENTIFIABLE INFORMATION], ,Memphis, ,TN ,[MAY CONTAIN PERSONALLY IDENTIFIABLE INFORMATION], ,Highway / Freeway,Unknown,Unknown,55, ,Unknown, , , , , , ,Y, ,,Unknown,Unknown,Yes,Unknown,Unknown,Unknown, , , , , , , , , , ,Y,Proceeding Straight,Yes,Unknown,Unknown,43, , , , , , , , , , , ,Y,Y, ,Y, , ,Y, , ,Unknown,,Y,Unknown,,Y,,Y,,Y,"[REDACTED, MAY CONTAIN CONFIDENTIAL BUSINESS INFORMATION]",Y,"[REDACTED, MAY CONTAIN CONFIDENTIAL BUSINESS INFORMATION]",Y
13781-3967,2,"Tesla, Inc.",10-Day Update,,,Oct-22,5YJ3E1EB0LF, ,N/A,Tesla,Model 3, ,2020, ,ab8e97bca070c02,41796, ,Consumer,"[REDACTED, MAY CONTAIN CONFIDENTIAL BUSINESS INFORMATION]", ,Y,No,ADAS,, , ,Y, , , , , ,,Oct-22, ,Oct-22,14:04, ,fdeea2db5165786,[MAY CONTAIN PERSONALLY IDENTIFIABLE INFORMATION], ,[MAY CONTAIN PERSONALLY IDENTIFIABLE INFORMATION], ,[MAY CONTAIN PERSONALLY IDENTIFIABLE INFORMATION], ,Haines City, ,FL ,[MAY CONTAIN PERSONALLY IDENTIFIABLE INFORMATION], ,Rural Road,Unknown,Unknown,50, ,Unknown, , , , , , ,Y, ,,Unknown,Unknown,Yes,Unknown,Unknown,Unknown, , , , , , , , , , ,Y,Proceeding Straight,Yes,Unknown,Unknown,50, , , , , , , , , , , ,Y,Y, ,Y, , ,Y, , ,Unknown,,Y,Unknown,,Y,,Y,,Y,"[REDACTED, MAY CONTAIN CONFIDENTIAL BUSINESS INFORMATION]",Y,"[REDACTED, MAY CONTAIN CONFIDENTIAL BUSINESS INFORMATION]",Y
1306-3729,3,Toyota Motor Engineering & Manufacturing,Monthly Update,9,2022,Oct-22,4T3RWRFV7NU, ,[MAY CONTAIN PERSONALLY IDENTIFIABLE INFORMATION],Toyota,RAV4 HV, ,2022, ,c382b222f5cfb3c,5424, ,Consumer,ADAS L2, , ,No,"Unknown, see Narrative",, ,Y, , ,Y, , , ,,Jul-22, ,Aug-22,20:29, ,4c2e55083dab925,,Y,,Y,[MAY CONTAIN PERSONALLY IDENTIFIABLE INFORMATION], ,Catonsville, ,MD ,,Y,Highway / Freeway,Dry,Unknown,,Y,Unknown, , , , , , ,Y, ,,Unknown,No Injuries Reported,Yes,"Other, see Narrative",Unknown,Unknown, , , , , , , , , , ,Y,"Other, see Narrative",No,Yes,"No, see Narrative",9, ,Y,Y, ,Y, , ,Y,Y, , , ,Y, , ,Y, ,Y, , ,Unknown,,Y,Yes,,Y,,Y,,Y,"Unknown, see Narrative", ,"On August [XXX], 2022 Toyota completed a field report related to this crash. The vehicle was reportedly traveling east on [XXX], when it is alleged that it experienced a ""loss of stability control"" and ""swerving back and forth"" condition, forcing the driver to slow his vehicle. The driver alleged that he brought the vehicle to a stop, and approximately 5 seconds later another vehicle struck the subject vehicle in a rear-end collision. 
Toyota obtained Vehicle Control History (VCH) and Event Data Recorder (EDR) data from the subject vehicle. VCH provides an approximately 7.5 second pre-crash data recording, and EDR provides an approximately 5 second pre-crash data recording. Based on further analysis of the data obtained, the following information was observed: Dynamic Radar Cruise Control (DRCC) and Lane Trace Assist (LTA) were not engaged during the recording. The vehicle was traveling at approximately 53 MPH prior to applying the brakes. The vehicle was impacted in the rear when it was travelling at approximately 9 MPH. The driver's seat belt status was ""OFF"" (not buckled). 
As a result of the crash incident, the subject vehicle was towed away from the scene.
This report is a Monthly update. The original report ID is 1306-3729-1.", 
1306-3876,3,Toyota Motor Engineering & Manufacturing,Monthly Update,9,2022,Oct-22,4T1F31AKXNU, ,N/A,Toyota,Camry HV, ,2022, ,449ff16ae8f5c16,4456, ,Consumer,L2, , ,No,ADAS,, ,Y, , ,Y, , , ,,Aug-22, ,Aug-22,9:16, ,4d7c5d74eb9f6ec,,Y,,Y,[MAY CONTAIN PERSONALLY IDENTIFIABLE INFORMATION], ,Park Hills, ,MO ,[MAY CONTAIN PERSONALLY IDENTIFIABLE INFORMATION], ,Highway / Freeway,Dry,Unknown,,Y,Daylight,Y, , , , , , , ,,Other Fixed Object,Unknown,Yes,,,, , , , , , , , , , , ,Making Left Turn,No,No,"No, see Narrative",22, ,Y,Y,Y, , , , , , , , ,Y, , ,Y, ,Y, , ,Yes,Missouri Highway Patrol, ,Yes,,Y,,Y,,Y,"Unknown, see Narrative", ,"On August [XXX], 2022, Toyota received an allegation related to this crash from the owner of the vehicle through a call to the Toyota Brand Engagement Center. The contact record indicates that the owner alleged that, ""his daughter told him that she was traveling down a hill towards a curb at the bottom of the road when suddenly and unexpectedly the steering assist completely locked up on her preventing her from being able to steer the vehicle."" Guest stated that she ended up loosing [REDACTED, MAY CONTAIN CONFIDENTIAL BUSINESS INFORMATION] control of her brand new (2022 Toyota Camry) vehicle causing her to spin out of control and into a ditch."" Three other occupants were in the vehicle at the time the incident occurred. On August [XXX], 2022, Toyota completed a vehicle inspection and field report on the incident. On September [XXX], 2022, after additional analysis of the incident details, Toyota determined the case was reportable under the SGO.
Toyota obtained Vehicle Control History (VCH) and Event Data Recorder (EDR) data from the subject vehicle. VCH provides an approximately 7.9 second pre-crash data recording, and EDR provides an approximately 5 second pre-crash data recording. Based on the data obtained, the following information was observed: Lane Trace Assist (LTA) was engaged during the recording until approximately 5.1 seconds prior to the crash event. ADAS L2 disengagement occurred due to LTA disengagement from driver steering input. The driver turned the vehicle left at a steering angle increasing from 9 degrees to 49.5 degrees. Dynamic Radar Cruise Control (DRCC) was engaged during the recording until the crash event occurred. 
As a result of the crash incident, no airbags deployed in the subject vehicle and it was driven from the crash scene. 1 occupant was reportedly taken to the ER for headaches and potential concussion.
This report is a monthly update. The original report ID is 1306-3876-1.", 
10039-3997,2,"BMW of North America, LLC",Monthly Update,10,2022,Oct-22,5UXCR4C0XL9, ,N/A,BMW,X5 sDrive40i, ,2020, ,ad2ea12f2fb7279,27161, ,Consumer,"[REDACTED, MAY CONTAIN CONFIDENTIAL BUSINESS INFORMATION]",Y,Y,No,ADAS,, , , , , , , ,Y,Accident research initiative,May-22, ,Oct-22,22:25, ,b0d7623135b08c0,,Y,,Y,[MAY CONTAIN PERSONALLY IDENTIFIABLE INFORMATION], ,Refugio, ,TX ,[MAY CONTAIN PERSONALLY IDENTIFIABLE INFORMATION], ,Highway / Freeway,Unknown,Unknown,75, ,Dark - Unknown Lighting,Y, , , , , , , ,,Pole / Tree,Serious,No,,,, , , , , , , , , , , ,Proceeding Straight,Yes,Yes,Yes,82, , , , , , ,Y, , ,Y, , ,Y,Y, , , , , , ,Unknown,,Y,Yes,,Y,,Y,,Y,"[REDACTED, MAY CONTAIN CONFIDENTIAL BUSINESS INFORMATION]",Y,"Customer states on the evening of May [XXX], 2022, the vehicle was traveling SB on [XXX] in Refugio, TX.  Customer stated that he was in the right lane driving at a speed of approximately 75 mph when he came upon an animal blocking his path. Trying to avoid the animal, the driver veered left, towards the center median/ditch. Customer stated that in an attempt to stay out of the ditch the customer overcorrected the vehicle and drove the vehicle off the right (west) side of the road and into a tree located on the west shoulder. 
[REDACTED, MAY CONTAIN CONFIDENTIAL BUSINESS INFORMATION]",Y
1243-3681,4,"Subaru of America, Inc.",Monthly Update,10,2022,Oct-22,JF2SKAUC5LH, ,N/A,Subaru,Forester, ,2020, ,eeba4facc678a69,25938, ,Consumer,,Y, ,No,ADAS,, ,Y, , , , , , ,,Jul-22, ,Aug-22,15:13, ,68b9212338077cd,[MAY CONTAIN PERSONALLY IDENTIFIABLE INFORMATION], ,[MAY CONTAIN PERSONALLY IDENTIFIABLE INFORMATION], ,[MAY CONTAIN PERSONALLY IDENTIFIABLE INFORMATION], ,Mamaroneck, ,NY ,[MAY CONTAIN PERSONALLY IDENTIFIABLE INFORMATION], ,Highway / Freeway,Dry,No Unusual Conditions,55, ,Daylight,Y, , , , , , , ,,Other Fixed Object,No Injuries Reported,Yes,,,, , , , , , , , , , , ,Proceeding Straight,Yes,Yes,Yes,55, , , , , , , , , , , ,Y, ,Y,Y,Y, , , , ,Unknown,,Y,No,,Y,,Y,,Y,"[REDACTED, MAY CONTAIN CONFIDENTIAL BUSINESS INFORMATION]",Y,"During the initial telephone conversation, the driver's mother stated that her daughter was driving the subject vehicle on [XXX] North with lane assist engaged at the time of the incident. She claimed that the Eyesight system malfunctioned and caused the vehicle's wheel/tire to contact the curb/divider. During a subsequent telephone conversation with the owner of the subject vehicle and driver during the alleged incident, the daughter stated she was driving the subject vehicle on [XXX] North at 55 MPH when the lane departure function failed causing contact with the divider which damaged one of the left tires.  As a result of the collision, the curtain airbags deployed and the vehicle was towed to a body shop in Mamaroneck, NY.  When asked, the driver stated that she had been using ACC and Lane Centering.  No injuries were alleged as a result of this incident.  
On August [XXX], Subaru reviewed the initial telematics data [REDACTED, MAY CONTAIN CONFIDENTIAL BUSINESS INFORMATION].
A New York State Police Accident Report provided by the customer confirmed the date, approximate time, roadway, city, and state of the incident. The report also confirmed that the subject vehicle was traveling North on [XXX] when it failed to keep right, striking a concrete barrier which caused the airbag deployment. The report further indicates that the vehicle sustained a deflated driver side front tire and that the barrier did not sustain any damage. The vehicle was subsequently towed from the roadway.
Subaru inspected the subject vehicle on September [XXX], 2022. The vehicle was found to be in a repaired condition at the time of the inspection. EDR data retrieval from the Airbag Control Module was not possible as the module had been replaced and scrapped by the customer's repair facility. If any DTCs were recorded in the Eyesight Control Module, including system cancel codes, they had been cleared from the vehicle's Eyesight system by the repair facility prior to Subaru's opportunity to inspect the vehicle. [REDACTED, MAY CONTAIN CONFIDENTIAL BUSINESS INFORMATION]  Based on the results of the investigation and the data acquired, Subaru determined that there were no abnormalities with any vehicle system, including the ADAS-related systems.",Y
945-3951,2,"Nissan North America, Inc.",10-Day Update,,,Oct-22,5N1AT3BA0MC, ,N/A,Nissan,Rogue SV, ,2021, ,01eb2506b72416c,14326, ,Consumer,Pro Pilot Assist, , ,No,ADAS,, ,Y, , , , , , ,,Jul-22, ,Oct-22,17:00, ,0a2b2e77acb770d,,Y,,Y,,Y,,Y,UNK,,Y,Unknown,Unknown,Unknown,,Y,Unknown, , , , , , ,Y, ,,Other Fixed Object,Minor,Unknown,,,, , , , , , , , , , , ,Making Right Turn,No,Yes,Unknown,45, , , ,Y, , , , , , , , , , , ,Y, , , , ,Unknown,,Y,Yes,,Y,,Y,,Y,"Unknown, see Narrative", ,"8/[XXX]/2022: The customer called Consumer Affairs to report an incident on 7/[XXX]/2022. The customer alleged an ""autopilot malfunction"" caused the vehicle to move to the opposite side of traffic flow and hit two curves. There was no report of transport to a hospital for medical treatment, fatality, vehicle tow-away, air bag deployment, or vulnerable road user. Customer refused to respond to additional questions to schedule an inspection and terminated the call.
9/[XXX]/2022: The customer called Consumer Affairs alleging that while traveling 45-47 mph she attempted to disengage ""autopilot"" by pressing the brake in order to make a left turn. The speed was not reduced and the vehicle traveled to the left side of the road in the oncoming lane and hit the curb with the left side of the vehicle. There was no report of transport to a hospital for medical treatment, fatality, vehicle tow-away, air bag deployment, or vulnerable road user.
10/[XXX]/2022: The customer was called by Consumer Affairs to discuss a vehicle inspection.  During the call, she reported the vehicle hit some items on the side of the road, the wheels were bent, and the driver's door would not open properly. The customer reported that the vehicle was towed and that repairs are close to being completed.  In addition, she reported that although she was not injured, she went to the doctor and hospital for exacerbation of pre-existing conditions.
10/[XXX]/2022 Update: On October [XXX], 2022, Nissan inspected the vehicle at an independent repair facility, which is the location that the customer had the vehicle directly towed to after the incident. From pictures provided by the repair facility, Nissan identified possible damage to the center of the vehicle's left front wheel, a broken lower front control arm, a bent tie rod end, and the strut. No other incident-related body damage is visible in the photographs. The photos appear to show that the vehicle experienced a localized impact to the wheel, which generated force into in the location of the lower control arm.
During Nissan's in-person inspection of the vehicle, the vehicle repairs were near completion. In particular, the left front wheel was not available to Nissan at the time of inspection. Vehicle mileage at the time of inspection was 14,326. No data retrieval or ECU resets were performed by Nissan. As of this report, the vehicle has not been taken to a Nissan dealer.
Based on the photos reviewed and Nissan's inspection, the localized impact was insufficient to trigger an EDR recordable event. Therefore, Nissan is unable to determine customer inputs to the vehicle at the time of the incident. Separately, no event was recorded within the PPA system, indicating that PPA was not active at the time of the event.", 