Report ID,Report Version,Reporting Entity,Report Type,Report Month,Report Year,Report Submission Date,VIN,VIN - Unknown,Serial Number,Make,Model,Model - Unknown,Model Year,Model Year - Unknown,Same Vehicle ID,Mileage,Mileage - Unknown,Driver / Operator Type,ADAS/ADS Version,ADAS/ADS Version - Unknown,ADAS/ADS Version CBI,ADS Equipped?,Automation System Engaged?,Operating Entity,Operating Entity - Unknown,Source - Complaint/Claim,Source - Telematics,Source - Law Enforcement,Source - Field Report,Source - Testing,Source - Media,Source - Other,Source - Other Text,Incident Date,Incident Date - Unknown,Notice Received Date,Incident Time (24:00),Incident Time - Unknown,Same Incident ID,Latitude,Latitude  - Unknown,Longitude,Longitude - Unknown,Address,Address - Unknown,City,City - Unknown,State,Zip Code,Zip Code - Unknown,Roadway Type,Roadway Surface,Roadway Description,Posted Speed Limit (MPH),Posted Speed Limit - Unknown,Lighting,Weather - Clear,Weather - Snow,Weather - Cloudy,Weather - Fog/Smoke,Weather - Rain,Weather - Severe Wind,Weather - Unknown,Weather - Other,Weather - Other Text,Crash With,Highest Injury Severity,Property Damage?,CP Pre-Crash Movement,CP Any Air Bags Deployed?,CP Was Vehicle Towed?,CP Contact Area - Rear Left,CP Contact Area - Left,CP Contact Area - Front Left,CP Contact Area - Rear,CP Contact Area - Top,CP Contact Area - Front,CP Contact Area - Rear Right,CP Contact Area - Right,CP Contact Area - Front Right,CP Contact Area - Bottom,CP Contact Area - Unknown,SV Pre-Crash Movement,SV Any Air Bags Deployed?,SV Was Vehicle Towed?,SV Were All Passengers Belted?,SV Precrash Speed (MPH),SV Pre-crash Speed - Unknown,SV Contact Area - Rear Left,SV Contact Area - Left,SV Contact Area - Front Left,SV Contact Area - Rear,SV Contact Area - Top,SV Contact Area - Front,SV Contact Area - Rear Right,SV Contact Area - Right,SV Contact Area - Front Right,SV Contact Area - Bottom,SV Contact Area - Unknown,Data Availability - EDR,Data Availability - Police Rpt,Data Availability - Telematics,Data Availability - Complaints,Data Availability - Video,Data Availability - Other,Data Availability - No Data,Data Availability - Unknown,Law Enforcement Investigating?,Investigating Agency,Investigating Agency - Unknown,Rep Ent Or Mfr Investigating?,Investigating Officer Name,Inv. Officer Name - Unknown,Investigating Officer Phone,Inv. Officer Phone - Unknown,Investigating Officer Email,Inv. Officer Email - Unknown,Within ODD?,Within ODD? - CBI,Narrative,Narrative - CBI?
13781-3793,1,"Tesla, Inc.",1-Day,,,Sep-22,5YJXCDE27LF, ,N/A,Tesla,Model X, ,2020, ,4f5d91a24634d2e,28440, ,Consumer,"[REDACTED, MAY CONTAIN CONFIDENTIAL BUSINESS INFORMATION]", ,Y,No,ADAS,, , ,Y, , , , , ,,Sep-22, ,Sep-22,20:43, ,415741fb85c8abe,[MAY CONTAIN PERSONALLY IDENTIFIABLE INFORMATION], ,[MAY CONTAIN PERSONALLY IDENTIFIABLE INFORMATION], ,[MAY CONTAIN PERSONALLY IDENTIFIABLE INFORMATION], ,Lloyd Harbor, ,NY ,[MAY CONTAIN PERSONALLY IDENTIFIABLE INFORMATION], ,Unknown,Unknown,Unknown,,Y,Unknown, , , , , , ,Y, ,,Unknown,Unknown,Yes,Unknown,Unknown,Unknown, , , , , , , , , , ,Y,Unknown,Yes,Unknown,Unknown,,Y, , , , , , , , , , ,Y,Y, , , , , , , ,Unknown,,Y,Unknown,,Y,,Y,,Y,"[REDACTED, MAY CONTAIN CONFIDENTIAL BUSINESS INFORMATION]",Y,"[REDACTED, MAY CONTAIN CONFIDENTIAL BUSINESS INFORMATION]",Y
13781-3792,1,"Tesla, Inc.",1-Day,,,Sep-22,5YJYGDEE0LF, ,N/A,Tesla,Model Y, ,2020, ,23e654c3175cd98,30914, ,Consumer,"[REDACTED, MAY CONTAIN CONFIDENTIAL BUSINESS INFORMATION]", ,Y,No,ADAS,, , ,Y, , , , , ,,Sep-22, ,Sep-22,17:36, ,51a137102a23b5a,[MAY CONTAIN PERSONALLY IDENTIFIABLE INFORMATION], ,[MAY CONTAIN PERSONALLY IDENTIFIABLE INFORMATION], ,[MAY CONTAIN PERSONALLY IDENTIFIABLE INFORMATION], ,Franklin, ,KY ,[MAY CONTAIN PERSONALLY IDENTIFIABLE INFORMATION], ,Unknown,Unknown,Unknown,,Y,Unknown, , , , , , ,Y, ,,Unknown,Unknown,Yes,Unknown,Unknown,Unknown, , , , , , , , , , ,Y,Unknown,Yes,Unknown,Unknown,,Y, , , , , , , , , , ,Y,Y, , , , , , , ,Unknown,,Y,Unknown,,Y,,Y,,Y,"[REDACTED, MAY CONTAIN CONFIDENTIAL BUSINESS INFORMATION]",Y,"[REDACTED, MAY CONTAIN CONFIDENTIAL BUSINESS INFORMATION]",Y
13781-3791,1,"Tesla, Inc.",1-Day,,,Sep-22,5YJYGDED7MF, ,N/A,Tesla,Model Y, ,2021, ,4a0f0fa373596fc,23494, ,Consumer,"[REDACTED, MAY CONTAIN CONFIDENTIAL BUSINESS INFORMATION]", ,Y,No,ADAS,, , ,Y, , , , , ,,Sep-22, ,Sep-22,2:33, ,5c16b87f5ba93c8,[MAY CONTAIN PERSONALLY IDENTIFIABLE INFORMATION], ,[MAY CONTAIN PERSONALLY IDENTIFIABLE INFORMATION], ,[MAY CONTAIN PERSONALLY IDENTIFIABLE INFORMATION], ,Solebury Township, ,PA ,[MAY CONTAIN PERSONALLY IDENTIFIABLE INFORMATION], ,Unknown,Unknown,Unknown,,Y,Unknown, , , , , , ,Y, ,,Unknown,Unknown,Yes,Unknown,Unknown,Unknown, , , , , , , , , , ,Y,Unknown,Yes,Unknown,Unknown,,Y, , , , , , , , , , ,Y,Y, , , , , , , ,Unknown,,Y,Unknown,,Y,,Y,,Y,"[REDACTED, MAY CONTAIN CONFIDENTIAL BUSINESS INFORMATION]",Y,"[REDACTED, MAY CONTAIN CONFIDENTIAL BUSINESS INFORMATION]",Y
13781-3790,1,"Tesla, Inc.",1-Day,,,Sep-22,7SAYGDEE5NF, ,N/A,Tesla,Model Y, ,2022, ,3794330cef10ff4,9646, ,Consumer,"[REDACTED, MAY CONTAIN CONFIDENTIAL BUSINESS INFORMATION]", ,Y,No,ADAS,, , ,Y, , , , , ,,Sep-22, ,Sep-22,3:08, ,57c4dd4c4d30838,[MAY CONTAIN PERSONALLY IDENTIFIABLE INFORMATION], ,[MAY CONTAIN PERSONALLY IDENTIFIABLE INFORMATION], ,[MAY CONTAIN PERSONALLY IDENTIFIABLE INFORMATION], ,Silverton, ,OH ,[MAY CONTAIN PERSONALLY IDENTIFIABLE INFORMATION], ,Unknown,Unknown,Unknown,,Y,Unknown, , , , , , ,Y, ,,Unknown,Unknown,Yes,Unknown,Unknown,Unknown, , , , , , , , , , ,Y,Unknown,Yes,Unknown,Unknown,,Y, , , , , , , , , , ,Y,Y, , , , , , , ,Unknown,,Y,Unknown,,Y,,Y,,Y,"[REDACTED, MAY CONTAIN CONFIDENTIAL BUSINESS INFORMATION]",Y,"[REDACTED, MAY CONTAIN CONFIDENTIAL BUSINESS INFORMATION]",Y
502-3744,2,Ford Motor Company,10-Day Update,,,Sep-22,1FMJK1JT3NE, ,N/A,Ford,Expedition, ,2022, ,58178be26f37ef9,20672, ,Consumer,Co-Pilot 360 Assist+, , ,No,ADAS,, , , , ,Y, , , ,,Aug-22, ,Sep-22,17:00, ,e11fa1ed0a55cec,[MAY CONTAIN PERSONALLY IDENTIFIABLE INFORMATION], ,[MAY CONTAIN PERSONALLY IDENTIFIABLE INFORMATION], ,[MAY CONTAIN PERSONALLY IDENTIFIABLE INFORMATION], ,Bloomington, ,MN ,[MAY CONTAIN PERSONALLY IDENTIFIABLE INFORMATION], ,Highway / Freeway,Wet,"Other, see Narrative",65, ,Daylight, , ,Y, , , , , ,,SUV,Minor,Yes,Proceeding Straight,No,Yes, , ,Y, , ,Y, , ,Y, , ,Stopped,No,No,Yes,0, , , , , , , ,Y, , , , , ,Y, , , , , , ,Yes,Minnesota State Patrol, ,Yes,[MAY CONTAIN PERSONALLY IDENTIFIABLE INFORMATION], ,,Y,,Y,Yes, ,"10-Day Update on report 502-3744-1 (reported on Sept [XXX], 2022):  Ford has received and updated information on the Incident Scene: Coordinates, Surface Condition, Speed Limit and Weather, and vehicle Mileage.  
1-Day (report# 502-3744-1) Narrative:
This SGO Report is the official Portal submission emailed to NHTSA on Sept [XXX], 2022, during that time the NHTSA SGO Portal was undergoing maintenance.  
The driver reported to Ford that they were traveling South on [XXX] while using Adaptive Cruise Control (ACC) and Lane Centering Assist (LCA), during traffic congestion the Ford driver applied the brakes and came to a complete stop.  The Jeep Wrangler directly behind failed to stop and impacted the right rear of the Ford vehicle, within 30 seconds of Ford vehicle ADAS Level 2 feature deactivation due to brake application.  The Jeep suffered front end damage and was towed, and the passenger was taken to the hospital for minor injuries.", 
13781-3739,2,"Tesla, Inc.",10-Day Update,,,Sep-22,5YJYGDEE8MF, ,N/A,Tesla,Model Y, ,2021, ,9ffa0aec2e2afe9,26904, ,Consumer,"[REDACTED, MAY CONTAIN CONFIDENTIAL BUSINESS INFORMATION]", ,Y,No,ADAS,, , ,Y, , , , , ,,Sep-22, ,Sep-22,21:01, ,7bd5f9abdd698ac,[MAY CONTAIN PERSONALLY IDENTIFIABLE INFORMATION], ,[MAY CONTAIN PERSONALLY IDENTIFIABLE INFORMATION], ,[MAY CONTAIN PERSONALLY IDENTIFIABLE INFORMATION], ,Vidor, ,TX ,[MAY CONTAIN PERSONALLY IDENTIFIABLE INFORMATION], ,Highway / Freeway,Wet,No Unusual Conditions,,Y,Daylight, , , , , , ,Y, ,,Unknown,Unknown,Yes,Unknown,Unknown,Unknown, , , , , , , , , , ,Y,Proceeding Straight,Yes,Unknown,Unknown,,Y, , , , , , , , , , ,Y,Y, ,Y, ,Y,Y, , ,Unknown,,Y,Unknown,,Y,,Y,,Y,"[REDACTED, MAY CONTAIN CONFIDENTIAL BUSINESS INFORMATION]",Y,"[REDACTED, MAY CONTAIN CONFIDENTIAL BUSINESS INFORMATION]",Y
1306-3729,2,Toyota Motor Engineering & Manufacturing,10-Day Update,,,Sep-22,4T3RWRFV7NU, ,[MAY CONTAIN PERSONALLY IDENTIFIABLE INFORMATION],Toyota,RAV4 HV, ,2022, ,c382b222f5cfb3c,5424, ,Consumer,ADAS L2, , ,No,ADAS,, ,Y, , ,Y, , , ,,Jul-22, ,Aug-22,20:29, ,4c2e55083dab925,,Y,,Y,[MAY CONTAIN PERSONALLY IDENTIFIABLE INFORMATION], ,Catonsville, ,MD ,,Y,Highway / Freeway,Dry,Unknown,,Y,Unknown, , , , , , ,Y, ,,Unknown,No Injuries Reported,Yes,"Other, see Narrative",Unknown,Unknown, , , , , , , , , , ,Y,"Other, see Narrative",No,Yes,"No, see Narrative",9, ,Y,Y, ,Y, , ,Y,Y, , , ,Y, , ,Y, ,Y, , ,Unknown,,Y,Yes,,Y,,Y,,Y,"Unknown, see Narrative", ,"On August [XXX], 2022 Toyota completed a field report related to this crash. The vehicle was reportedly traveling east on MD [XXX], when it is alleged that it experienced a ""loss of stability control"" and ""swerving back and forth"" condition, forcing the driver to slow his vehicle. The driver alleged that he brought the vehicle to a stop, and approximately 5 seconds later another vehicle struck the subject vehicle in a rear-end collision. 
Toyota obtained Vehicle Control History (VCH) and Event Data Recorder (EDR) data from the subject vehicle. VCH provides an approximately 7.5 second pre-crash data recording, and EDR provides an approximately 5 second pre-crash data recording. Based on the data obtained, the following information was observed: Lane Trace Assist (LTA) was briefly engaged during the recording from approximately 4.8 seconds until 3.6  seconds prior to the crash event. The vehicle was traveling at approximately 53 MPH prior to applying the brakes. The vehicle was impacted in the rear when it was travelling at approximately 9 MPH. The driver's seat belt status was ""OFF"" (not buckled). 
As a result of the crash incident, the subject vehicle was towed away from the scene.
This report is a 10 Day update. The original report ID is 1306-3729-1.", 
13781-3771,1,"Tesla, Inc.",1-Day,,,Sep-22,5YJ3E1EA1LF, ,N/A,Tesla,Model 3, ,2020, ,4272126b51c759d,58073, ,Consumer,"[REDACTED, MAY CONTAIN CONFIDENTIAL BUSINESS INFORMATION]", ,Y,No,ADAS,, , ,Y, , , , , ,,Sep-22, ,Sep-22,12:15, ,846eca1ab72b9af,[MAY CONTAIN PERSONALLY IDENTIFIABLE INFORMATION], ,[MAY CONTAIN PERSONALLY IDENTIFIABLE INFORMATION], ,[MAY CONTAIN PERSONALLY IDENTIFIABLE INFORMATION], ,Rosemont, ,IL ,[MAY CONTAIN PERSONALLY IDENTIFIABLE INFORMATION], ,Unknown,Unknown,Unknown,,Y,Unknown, , , , , , ,Y, ,,Unknown,Unknown,Yes,Unknown,Unknown,Unknown, , , , , , , , , , ,Y,Unknown,Yes,Unknown,Unknown,,Y, , , , , , , , , , ,Y,Y, , , , , , , ,Unknown,,Y,Unknown,,Y,,Y,,Y,"[REDACTED, MAY CONTAIN CONFIDENTIAL BUSINESS INFORMATION]",Y,"[REDACTED, MAY CONTAIN CONFIDENTIAL BUSINESS INFORMATION]",Y
1422-3730,2,"Volvo Car USA, LLC",10-Day Update,,,Sep-22,YV4ED3GB1N2, ,N/A,Volvo,C40, ,2022, ,be5c9cd5a1ddb13,5275, ,Consumer,Pilot Assist, , ,No,ADAS,, ,Y, , , , , , ,,,Y,Aug-22,,Y, ,,Y,,Y,,Y,Beckett, ,MA ,,Y,Unknown,Unknown,Unknown,,Y,Unknown, , , , , , ,Y, ,,Unknown,Unknown,Unknown,Unknown,Unknown,Unknown, , , , , , , , , , ,Y,Unknown,Yes,Yes,Unknown,,Y, , , , , , , , , , ,Y, , , , , , , ,Y,Unknown,,Y,Yes,,Y,,Y,,Y,"Unknown, see Narrative", ,"Customer States: ""Traveling south, [XXX] in Beckett Mass. lane departure on, cruise on, ""pilot assist"" on, vehicle hit on drivers side front after crossing center lane without warning. then vehicle hit on passenger front""
10-day Update: Vehicle was inspected on September [XXX], 2022.  Data was downloaded from the vehicle at the time of the inspection.  We are currently analyzing the data recovered.", 
273-3763,1,"Chrysler (FCA US, LLC)",1-Day,,,Sep-22,1C4RJHDT5N8, ,N/A,Jeep,Grand Cherokee Overland 4x4, ,2022, ,032513dfe2c49b6,,Y,Consumer,,Y, ,No,ADAS,, , , , ,Y, , , ,,Sep-22, ,Sep-22,16:30, ,eebcd6121d12599,,Y,,Y,[MAY CONTAIN PERSONALLY IDENTIFIABLE INFORMATION], ,,Y,MI ,,Y,Unknown,Unknown,Unknown,,Y,Daylight, , , , , , ,Y, ,,Unknown,Unknown,Yes,Making Left Turn,Unknown,Yes, , , , , , , , , , ,Y,Proceeding Straight,Unknown,Yes,Unknown,,Y, , , , , , , , , , ,Y, , , , , , , ,Y,Unknown,,Y,Yes,,Y,,Y,,Y,"Unknown, see Narrative", ,"Driver claims [REDACTED, MAY CONTAIN CONFIDENTIAL BUSINESS INFORMATION] Driver claims [REDACTED, MAY CONTAIN CONFIDENTIAL BUSINESS INFORMATION] in response to the question of whether the Highway Assist feature was being used at the time of the incident.",Y
13781-3734,2,"Tesla, Inc.",10-Day Update,,,Sep-22,5YJYGDEE2MF, ,N/A,Tesla,Model Y, ,2021, ,df2e813e218fc4b,9645, ,Consumer,"[REDACTED, MAY CONTAIN CONFIDENTIAL BUSINESS INFORMATION]", ,Y,No,ADAS,, , ,Y, , , , , ,,Aug-22, ,Sep-22,20:24, ,36283addf950d59,[MAY CONTAIN PERSONALLY IDENTIFIABLE INFORMATION], ,[MAY CONTAIN PERSONALLY IDENTIFIABLE INFORMATION], ,[MAY CONTAIN PERSONALLY IDENTIFIABLE INFORMATION], ,Atlanta, ,GA ,[MAY CONTAIN PERSONALLY IDENTIFIABLE INFORMATION], ,Highway / Freeway,Dry,No Unusual Conditions,55, ,Daylight,Y, , , , , , , ,,SUV,Unknown,Yes,Proceeding Straight,Unknown,Unknown, , ,Y, , ,Y, , ,Y, , ,Proceeding Straight,No,Yes,Unknown,13, ,Y, , ,Y, , ,Y, , , , ,Y, ,Y, ,Y,Y, , ,Unknown,,Y,Unknown,,Y,,Y,,Y,"[REDACTED, MAY CONTAIN CONFIDENTIAL BUSINESS INFORMATION]",Y,"[REDACTED, MAY CONTAIN CONFIDENTIAL BUSINESS INFORMATION]",Y
13781-3732,2,"Tesla, Inc.",10-Day Update,,,Sep-22,5YJSA1E57NF, ,N/A,Tesla,Model S, ,2022, ,bc885a91dc26b13,3981, ,Consumer,"[REDACTED, MAY CONTAIN CONFIDENTIAL BUSINESS INFORMATION]", ,Y,No,ADAS,, , ,Y, , , , , ,,Aug-22, ,Sep-22,21:48, ,b2abc689c776291,[MAY CONTAIN PERSONALLY IDENTIFIABLE INFORMATION], ,[MAY CONTAIN PERSONALLY IDENTIFIABLE INFORMATION], ,[MAY CONTAIN PERSONALLY IDENTIFIABLE INFORMATION], ,Oak Forest, ,IL ,[MAY CONTAIN PERSONALLY IDENTIFIABLE INFORMATION], ,Street,Dry,No Unusual Conditions,45, ,Daylight,Y, , , , , , , ,,Unknown,Unknown,Yes,Unknown,Unknown,Unknown, , , , , , , , , , ,Y,Unknown,Yes,Unknown,Unknown,39, , , , , , , , , , , ,Y,Y, ,Y, ,Y,Y, , ,Unknown,,Y,Unknown,,Y,,Y,,Y,"[REDACTED, MAY CONTAIN CONFIDENTIAL BUSINESS INFORMATION]",Y,"[REDACTED, MAY CONTAIN CONFIDENTIAL BUSINESS INFORMATION]",Y
13781-3717,2,"Tesla, Inc.",10-Day Update,,,Sep-22,7SAYGDEE6NF, ,N/A,Tesla,Model Y, ,2022, ,2666a12b5ecda8b,9937, ,Consumer,"[REDACTED, MAY CONTAIN CONFIDENTIAL BUSINESS INFORMATION]", ,Y,No,ADAS,, , ,Y, , , , , ,,Aug-22, ,Aug-22,4:16, ,8c0466097b386de,[MAY CONTAIN PERSONALLY IDENTIFIABLE INFORMATION], ,[MAY CONTAIN PERSONALLY IDENTIFIABLE INFORMATION], ,[MAY CONTAIN PERSONALLY IDENTIFIABLE INFORMATION], ,Rochester Hills, ,MI ,[MAY CONTAIN PERSONALLY IDENTIFIABLE INFORMATION], ,Street,Dry,No Unusual Conditions,40, ,Dark - Not Lighted,Y, , , , , , , ,,Unknown,Unknown,Yes,Unknown,Unknown,Unknown, , , , , , , , , , ,Y,Proceeding Straight,Yes,Unknown,Unknown,43, , , , , , , , , , , ,Y,Y, ,Y, ,Y,Y, , ,Unknown,,Y,Unknown,,Y,,Y,,Y,"[REDACTED, MAY CONTAIN CONFIDENTIAL BUSINESS INFORMATION]",Y,"[REDACTED, MAY CONTAIN CONFIDENTIAL BUSINESS INFORMATION]",Y
13781-3716,2,"Tesla, Inc.",10-Day Update,,,Sep-22,5YJYGDEF7LF, ,N/A,Tesla,Model Y, ,2020, ,fe30211d6248de7,31559, ,Consumer,"[REDACTED, MAY CONTAIN CONFIDENTIAL BUSINESS INFORMATION]", ,Y,No,ADAS,, , ,Y, , , , , ,,Aug-22, ,Aug-22,19:09, ,1db594e201a263e,[MAY CONTAIN PERSONALLY IDENTIFIABLE INFORMATION], ,[MAY CONTAIN PERSONALLY IDENTIFIABLE INFORMATION], ,[MAY CONTAIN PERSONALLY IDENTIFIABLE INFORMATION], ,Orlovista, ,FL ,[MAY CONTAIN PERSONALLY IDENTIFIABLE INFORMATION], ,Highway / Freeway,Wet,No Unusual Conditions,65, ,Daylight, , ,Y, ,Y, , , ,,Other Fixed Object,Unknown,Yes,,,, , , , , , , , , , , ,Proceeding Straight,Yes,Unknown,Unknown,42, ,Y,Y,Y, , , , , , , , ,Y, ,Y, ,Y,Y, , ,Unknown,,Y,Unknown,,Y,,Y,,Y,"[REDACTED, MAY CONTAIN CONFIDENTIAL BUSINESS INFORMATION]",Y,"[REDACTED, MAY CONTAIN CONFIDENTIAL BUSINESS INFORMATION]",Y
13781-3715,2,"Tesla, Inc.",10-Day Update,,,Sep-22,5YJ3E1EB9JF, ,N/A,Tesla,Model 3, ,2018, ,38970e7f25539a0,49291, ,Consumer,"[REDACTED, MAY CONTAIN CONFIDENTIAL BUSINESS INFORMATION]", ,Y,No,ADAS,, , ,Y, , , , , ,,Aug-22, ,Aug-22,18:33, ,15359bc5f61a583,[MAY CONTAIN PERSONALLY IDENTIFIABLE INFORMATION], ,[MAY CONTAIN PERSONALLY IDENTIFIABLE INFORMATION], ,[MAY CONTAIN PERSONALLY IDENTIFIABLE INFORMATION], ,Whittier, ,FL ,[MAY CONTAIN PERSONALLY IDENTIFIABLE INFORMATION], ,Highway / Freeway,Wet,"Other, see Narrative",70, ,Daylight, , ,Y, ,Y, , , ,,Other Fixed Object,Unknown,Yes,,,, , , , , , , , , , , ,Lane / Road Departure,Yes,Unknown,Unknown,39, , , , , , , ,Y,Y,Y, , ,Y, ,Y, ,Y,Y, , ,Unknown,,Y,Unknown,,Y,,Y,,Y,"[REDACTED, MAY CONTAIN CONFIDENTIAL BUSINESS INFORMATION]",Y,"[REDACTED, MAY CONTAIN CONFIDENTIAL BUSINESS INFORMATION]",Y
13781-3714,2,"Tesla, Inc.",10-Day Update,,,Sep-22,5YJYGDEE1MF, ,N/A,Tesla,Model Y, ,2021, ,45d4d9fc317c124,33368, ,Consumer,"[REDACTED, MAY CONTAIN CONFIDENTIAL BUSINESS INFORMATION]", ,Y,No,ADAS,, , ,Y, , , , , ,,Aug-22, ,Aug-22,16:01, ,711e5e19aac94d6,[MAY CONTAIN PERSONALLY IDENTIFIABLE INFORMATION], ,[MAY CONTAIN PERSONALLY IDENTIFIABLE INFORMATION], ,[MAY CONTAIN PERSONALLY IDENTIFIABLE INFORMATION], ,Weston, ,FL ,[MAY CONTAIN PERSONALLY IDENTIFIABLE INFORMATION], ,Highway / Freeway,Wet,No Unusual Conditions,70, ,Daylight, , ,Y, ,Y, , , ,,Other Fixed Object,Unknown,Yes,,,, , , , , , , , , , , ,Proceeding Straight,Yes,Unknown,Unknown,21, , , , , , ,Y, , ,Y, , ,Y, ,Y, ,Y,Y, , ,Unknown,,Y,Unknown,,Y,,Y,,Y,"[REDACTED, MAY CONTAIN CONFIDENTIAL BUSINESS INFORMATION]",Y,"[REDACTED, MAY CONTAIN CONFIDENTIAL BUSINESS INFORMATION]",Y
502-3744,1,Ford Motor Company,1-Day,,,Sep-22,1FMJK1JT3NE, ,N/A,Ford,Expedition, ,2022, ,58178be26f37ef9,,Y,Consumer,Co-Pilot 360 Assist+, , ,No,ADAS,, , , , ,Y, , , ,,Aug-22, ,Sep-22,17:00, ,e11fa1ed0a55cec,,Y,,Y,[MAY CONTAIN PERSONALLY IDENTIFIABLE INFORMATION], ,Bloomington, ,MN ,[MAY CONTAIN PERSONALLY IDENTIFIABLE INFORMATION], ,Highway / Freeway,Unknown,"Other, see Narrative",,Y,Daylight, , , , , , ,Y, ,,SUV,Minor,Yes,Proceeding Straight,No,Yes, , ,Y, , ,Y, , ,Y, , ,Stopped,No,No,Yes,0, , , , , , , ,Y, , , , , ,Y, , , , , , ,Yes,Minnesota State Patrol, ,Yes,[MAY CONTAIN PERSONALLY IDENTIFIABLE INFORMATION], ,,Y,,Y,Yes, ,"This SGO Report is the official Portal submission emailed to NHTSA on Sept [XXX], 2022, during that time the NHTSA SGO Portal was undergoing maintenance.  
The driver reported to Ford that they were traveling South on [XXX] while using Adaptive Cruise Control (ACC) and Lane Centering Assist (LCA), during traffic congestion the Ford driver applied the brakes and came to a complete stop.  The Jeep Wrangler directly behind failed to stop and impacted the right rear of the Ford vehicle, within 30 seconds of Ford vehicle ADAS Level 2 feature deactivation due to brake application.  The Jeep suffered front end damage and was towed, and the passenger was taken to the hospital for minor injuries.", 
13781-3713,2,"Tesla, Inc.",10-Day Update,,,Sep-22,5YJ3E1EBXLF, ,N/A,Tesla,Model 3, ,2020, ,b2f4398f34699dc,,Y,Consumer,"[REDACTED, MAY CONTAIN CONFIDENTIAL BUSINESS INFORMATION]", ,Y,No,ADAS,, , ,Y, , , ,Y, ,,Aug-22, ,Aug-22,6:11, ,74537aa48a07834,[MAY CONTAIN PERSONALLY IDENTIFIABLE INFORMATION], ,[MAY CONTAIN PERSONALLY IDENTIFIABLE INFORMATION], ,[MAY CONTAIN PERSONALLY IDENTIFIABLE INFORMATION], ,Boca Raton, ,FL ,[MAY CONTAIN PERSONALLY IDENTIFIABLE INFORMATION], ,Street,Dry,No Unusual Conditions,45, ,Dark - Lighted,Y, , , , , , , ,,Motorcycle,Fatality,Yes,Unknown,Unknown,Unknown, , , , , , , , , , ,Y,Proceeding Straight,No,Unknown,Unknown,97, , , , , , , , , , , ,Y,Y, ,Y, ,Y,Y, , ,Unknown,,Y,Unknown,,Y,,Y,,Y,"[REDACTED, MAY CONTAIN CONFIDENTIAL BUSINESS INFORMATION]",Y,"[REDACTED, MAY CONTAIN CONFIDENTIAL BUSINESS INFORMATION]",Y
1306-3711,2,Toyota Motor Engineering & Manufacturing,10-Day Update,,,Sep-22,JTDEPMAE0MJ, ,N/A,Toyota,Corolla, ,2021, ,2cde5f393940552,13954, ,Consumer,ADAS L2, , ,No,ADAS,, ,Y, , ,Y, , , ,,Jul-22, ,Aug-22,2:59, ,03a412f6f32430b,,Y,,Y,[MAY CONTAIN PERSONALLY IDENTIFIABLE INFORMATION], ,Goldsboro, ,NC ,,Y,Highway / Freeway,Unknown,Unknown,,Y,Dark - Not Lighted, , , , , , ,Y, ,,Unknown,Unknown,Yes,Traveling Wrong Way,Unknown,Unknown, , , , , , , , , , ,Y,Proceeding Straight,No,Yes,Yes,89, ,Y,Y,Y,Y,Y,Y,Y,Y,Y, , ,Y, , ,Y,Y,Y, , ,Yes,North Carolina State Highway Patrol, ,Yes,,Y,,Y,,Y,"Unknown, see Narrative", ,"On August [XXX], 2022 Toyota received a field report related to this crash. The vehicle was reportedly traveling east on [XXX], when it approached a vehicle travelling the wrong way on the road operated by a drunk driver. The Toyota Corolla driver alleged that they attempted to swerve right to miss the oncoming vehicle, but collided with the vehicle on the driver side. As a result of the collision, the Toyota Corolla allegedly rolled over, landed on its wheels, and contacted a highway barrier. 
Toyota obtained Vehicle Control History (VCH) and Event Data Recorder (EDR) data from the subject vehicle. VCH provides an approximately 8 second pre-crash data recording, and EDR provides an approximately 4.80 second pre-crash data recording. Based on the data obtained, the following information was observed:  Lane Trace Assist (LTA) was engaged during the recording until approximately 6.7 seconds prior to the crash event and Dynamic Radar Cruise Control (DRCC) was engaged during the recording until approximately 5.5 seconds prior to the crash event. The vehicle was traveling at approximately 89 MPH prior to the crash event. 
As a result of the crash incident, the subject vehicle was towed away from the scene. Injuries to occupants of the subject vehicle were described by the owner as: Driver: Cerebral fluid leaking from nose, Concussion, whiplash, backpain Front Passenger: No injuries reported.
This report is a 10 Day update. The original report ID is 1306-3711-1.", 