Report ID,Report Version,Reporting Entity,Report Type,Report Month,Report Year,Report Submission Date,VIN,VIN - Unknown,Serial Number,Make,Model,Model - Unknown,Model Year,Model Year - Unknown,Same Vehicle ID,Mileage,Mileage - Unknown,Driver / Operator Type,ADAS/ADS Version,ADAS/ADS Version - Unknown,ADAS/ADS Version CBI,ADS Equipped?,Automation System Engaged?,Operating Entity,Operating Entity - Unknown,Source - Complaint/Claim,Source - Telematics,Source - Law Enforcement,Source - Field Report,Source - Testing,Source - Media,Source - Other,Source - Other Text,Incident Date,Incident Date - Unknown,Notice Received Date,Incident Time (24:00),Incident Time - Unknown,Same Incident ID,Latitude,Latitude  - Unknown,Longitude,Longitude - Unknown,Address,Address - Unknown,City,City - Unknown,State,Zip Code,Zip Code - Unknown,Roadway Type,Roadway Surface,Roadway Description,Posted Speed Limit (MPH),Posted Speed Limit - Unknown,Lighting,Weather - Clear,Weather - Snow,Weather - Cloudy,Weather - Fog/Smoke,Weather - Rain,Weather - Severe Wind,Weather - Unknown,Weather - Other,Weather - Other Text,Crash With,Highest Injury Severity,Property Damage?,CP Pre-Crash Movement,CP Any Air Bags Deployed?,CP Was Vehicle Towed?,CP Contact Area - Rear Left,CP Contact Area - Left,CP Contact Area - Front Left,CP Contact Area - Rear,CP Contact Area - Top,CP Contact Area - Front,CP Contact Area - Rear Right,CP Contact Area - Right,CP Contact Area - Front Right,CP Contact Area - Bottom,CP Contact Area - Unknown,SV Pre-Crash Movement,SV Any Air Bags Deployed?,SV Was Vehicle Towed?,SV Were All Passengers Belted?,SV Precrash Speed (MPH),SV Pre-crash Speed - Unknown,SV Contact Area - Rear Left,SV Contact Area - Left,SV Contact Area - Front Left,SV Contact Area - Rear,SV Contact Area - Top,SV Contact Area - Front,SV Contact Area - Rear Right,SV Contact Area - Right,SV Contact Area - Front Right,SV Contact Area - Bottom,SV Contact Area - Unknown,Data Availability - EDR,Data Availability - Police Rpt,Data Availability - Telematics,Data Availability - Complaints,Data Availability - Video,Data Availability - Other,Data Availability - No Data,Data Availability - Unknown,Law Enforcement Investigating?,Investigating Agency,Investigating Agency - Unknown,Rep Ent Or Mfr Investigating?,Investigating Officer Name,Inv. Officer Name - Unknown,Investigating Officer Phone,Inv. Officer Phone - Unknown,Investigating Officer Email,Inv. Officer Email - Unknown,Within ODD?,Within ODD? - CBI,Narrative,Narrative - CBI?
10003-2800,1,"Navistar, Inc.",1-Day,,,Apr-22,3HSDZAPR9NN, ,N/A,International,LT, ,2022, ,6b21a70177dcc64,56429, ,Consumer,Bendix Lane Keep Assist, , ,Yes,"Unknown, see Narrative",, , , , , , , ,Y,Western Express reported,Nov-21, ,Apr-22,19:57, ,d7397a577eefe45,[MAY CONTAIN PERSONALLY IDENTIFIABLE INFORMATION], ,[MAY CONTAIN PERSONALLY IDENTIFIABLE INFORMATION], ,[MAY CONTAIN PERSONALLY IDENTIFIABLE INFORMATION], ,Maxatawny Tounship, ,PA ,[MAY CONTAIN PERSONALLY IDENTIFIABLE INFORMATION], ,Street,Dry,No Unusual Conditions,25, ,Dark - Not Lighted, , , , , , ,Y, ,,Pole / Tree,Unknown,Yes,,,, , , , , , , , , , , ,Proceeding Straight,No,Unknown,Yes,,Y, , , , , ,Y, , , , , , , , , , , , ,Y,Yes,PA State Police, ,Yes,[MAY CONTAIN PERSONALLY IDENTIFIABLE INFORMATION], ,,Y,,Y,"Unknown, see Narrative", ,This vehicle is equipped with Lane Keep Assist feature. The posted speed limit the subject vehicle was operating at time of incident is 25 MPH and the Lane Keep Assist feature cannot be activated at speeds below 37 MPH., 
13781-2799,1,"Tesla, Inc.",1-Day,,,Apr-22,5YJSA1E19GF, ,N/A,Tesla,Model S, ,2016, ,a73c0a81e0f8de7,44236, ,Consumer,"[REDACTED, MAY CONTAIN CONFIDENTIAL BUSINESS INFORMATION]", ,Y,No,"Unknown, see Narrative",, ,Y, , , , , , ,,Jun-20, ,Apr-22,,Y,d986b52d2039193,,Y,,Y,[MAY CONTAIN PERSONALLY IDENTIFIABLE INFORMATION], ,Tysons, ,VA ,[MAY CONTAIN PERSONALLY IDENTIFIABLE INFORMATION], ,Unknown,Unknown,Unknown,,Y,Unknown, , , , , , ,Y, ,,Unknown,Serious,Yes,Unknown,Unknown,Unknown, , , , , , , , , , ,Y,Unknown,Unknown,Unknown,Unknown,,Y, , , , , , , , , , ,Y, , , ,Y, , , , ,Unknown,,Y,Unknown,,Y,,Y,,Y,"[REDACTED, MAY CONTAIN CONFIDENTIAL BUSINESS INFORMATION]",Y,"[REDACTED, MAY CONTAIN CONFIDENTIAL BUSINESS INFORMATION]",Y
1306-2797,1,Toyota Motor Engineering & Manufacturing,1-Day,,,Apr-22,JTMA1RFV0MD, ,n/a,Toyota,RAV4, ,2021, ,bc2253525fb1e92,19157, ,Consumer,TSS 2.0, , ,"Unknown, see Narrative",ADAS,, ,Y, , , , , , ,,Apr-22, ,Apr-22,,Y,4989683626afa4b,,Y,,Y,,Y,,Y,UNK,,Y,Unknown,Unknown,Unknown,,Y,Unknown, , , , , , ,Y, ,,Other Fixed Object,Unknown,Unknown,,,, , , , , , , , , , , ,Making Left Turn,No,No,Unknown,45, , , , , , , , , ,Y, , , , , ,Y, , , , ,Unknown,,Y,Unknown,,Y,,Y,,Y,"Unknown, see Narrative", ,"In this report, the entries above are based on unconfirmed allegations received from the customer through Toyota consumer relations.
The customer alleged they started noticing the vehicle would beep when going over certain lines on the road, and that they also felt the wheel grab and vehicle steer itself whenever the beeps would come on as to correct the vehicle. The customer alleged he was approaching a left turn at a curve at 45mph and noticed the steering wheel grab and veer him to the right, causing him to scrape the front right side onto the guard rail. The customer states he 'does have to go to the hospital' as pain in his leg, stomach and back is getting worse. The customer states that afterwards he contacted the dealer and got instructions on how to turn off 'that lane tracing feature'.", 
13781-2796,1,"Tesla, Inc.",1-Day,,,Apr-22,5YJYGDEE2MF, ,N/A,Tesla,Model Y, ,2021, ,80ad8d234eac66a,25910, ,Consumer,"[REDACTED, MAY CONTAIN CONFIDENTIAL BUSINESS INFORMATION]", ,Y,No,ADAS,, , ,Y, , , , , ,,Apr-22, ,Apr-22,4:44, ,587e598f2625ffb,[MAY CONTAIN PERSONALLY IDENTIFIABLE INFORMATION], ,[MAY CONTAIN PERSONALLY IDENTIFIABLE INFORMATION], ,[MAY CONTAIN PERSONALLY IDENTIFIABLE INFORMATION], ,Conshohocken, ,PA ,[MAY CONTAIN PERSONALLY IDENTIFIABLE INFORMATION], ,Highway / Freeway,Unknown,Unknown,,Y,Unknown, , , , , , ,Y, ,,Unknown,Unknown,Yes,Unknown,Unknown,Unknown, , , , , , , , , , ,Y,Unknown,Yes,Unknown,Unknown,,Y, , , , , , , , , , ,Y,Y, , , , , , , ,Unknown,,Y,Unknown,,Y,,Y,,Y,"[REDACTED, MAY CONTAIN CONFIDENTIAL BUSINESS INFORMATION]",Y,"[REDACTED, MAY CONTAIN CONFIDENTIAL BUSINESS INFORMATION]",Y
13781-2795,1,"Tesla, Inc.",1-Day,,,Apr-22,5YJ3E1EA9JF, ,N/A,Tesla,Model 3, ,2018, ,2248ab06e599fa8,,Y,Consumer,"[REDACTED, MAY CONTAIN CONFIDENTIAL BUSINESS INFORMATION]",Y,Y,No,"Unknown, see Narrative",, ,Y, , , , , , ,,,Y,Apr-22,,Y, ,,Y,,Y,,Y,,Y,UNK,,Y,Unknown,Unknown,Unknown,,Y,Unknown, , , , , , ,Y, ,,Unknown,Unknown,Yes,Unknown,Unknown,Unknown, , , , , , , , , , ,Y,Unknown,Unknown,Unknown,Unknown,,Y, , , , , , , , , , ,Y, , , , , , , ,Y,Unknown,,Y,Unknown,,Y,,Y,,Y,"[REDACTED, MAY CONTAIN CONFIDENTIAL BUSINESS INFORMATION]",Y,"[REDACTED, MAY CONTAIN CONFIDENTIAL BUSINESS INFORMATION]",Y
62-2783,1,Honda (American Honda Motor Co.),1-Day,,,Apr-22,19XFC1F37LE, ,n/a,Honda,Civic, ,2020, ,5555144561de024,,Y,Consumer,,Y, ,No,"Unknown, see Narrative",, ,Y, , , , , , ,,Apr-22, ,Apr-22,,Y,346662f1627be5b,,Y,,Y,,Y,Bethlehem, ,PA ,,Y,Highway / Freeway,Unknown,Unknown,,Y,Unknown, , , , , , ,Y, ,,Unknown,No Injuries Reported,Unknown,Merging,Unknown,Unknown,Y, , , , , , , , , , ,Lane / Road Departure,No,Yes,Unknown,,Y, , , , , , ,Y, , , , , , , ,Y, , , , ,No,, ,No,, ,, ,, ,"Unknown, see Narrative", ,The customer was exiting on an off-ramp when another driver merged into the customer's lane and causing a crash. The customer alleges that the Lane Keep Assist System and Adaptive Cruise Control were engaged., 
13781-2782,1,"Tesla, Inc.",1-Day,,,Apr-22,5YJYGDEF1LF, ,N/A,Tesla,Model Y, ,2020, ,dc965f337d43bc2,20111, ,Consumer,"[REDACTED, MAY CONTAIN CONFIDENTIAL BUSINESS INFORMATION]", ,Y,No,ADAS,, , ,Y, , , , , ,,Apr-22, ,Apr-22,0:47, ,9c8047ae1d8e92c,[MAY CONTAIN PERSONALLY IDENTIFIABLE INFORMATION], ,[MAY CONTAIN PERSONALLY IDENTIFIABLE INFORMATION], ,[MAY CONTAIN PERSONALLY IDENTIFIABLE INFORMATION], ,Washington Township, ,PA ,[MAY CONTAIN PERSONALLY IDENTIFIABLE INFORMATION], ,Unknown,Unknown,Unknown,,Y,Unknown, , , , , , ,Y, ,,Unknown,Unknown,Yes,Unknown,Unknown,Unknown, , , , , , , , , , ,Y,Unknown,Yes,Unknown,Unknown,,Y, , , , , , , , , , ,Y,Y, , , , , , , ,Unknown,,Y,Unknown,,Y,,Y,,Y,"[REDACTED, MAY CONTAIN CONFIDENTIAL BUSINESS INFORMATION]",Y,"[REDACTED, MAY CONTAIN CONFIDENTIAL BUSINESS INFORMATION]",Y
13781-2781,1,"Tesla, Inc.",1-Day,,,Apr-22,5YJYGDEE0LF, ,N/A,Tesla,Model Y, ,2020, ,d9824aac82c20e7,53378, ,Consumer,"[REDACTED, MAY CONTAIN CONFIDENTIAL BUSINESS INFORMATION]", ,Y,No,ADAS,, , ,Y, , , , , ,,Apr-22, ,Apr-22,5:59, ,d3e57c95a79d6bc,[MAY CONTAIN PERSONALLY IDENTIFIABLE INFORMATION], ,[MAY CONTAIN PERSONALLY IDENTIFIABLE INFORMATION], ,[MAY CONTAIN PERSONALLY IDENTIFIABLE INFORMATION], ,Marengo, ,OH ,[MAY CONTAIN PERSONALLY IDENTIFIABLE INFORMATION], ,Highway / Freeway,Unknown,Unknown,,Y,Unknown, , , , , , ,Y, ,,Unknown,Unknown,Yes,Unknown,Unknown,Unknown, , , , , , , , , , ,Y,Unknown,Yes,Unknown,Unknown,,Y, , , , , , , , , , ,Y,Y, , , , , , , ,Unknown,,Y,Unknown,,Y,,Y,,Y,"[REDACTED, MAY CONTAIN CONFIDENTIAL BUSINESS INFORMATION]",Y,"[REDACTED, MAY CONTAIN CONFIDENTIAL BUSINESS INFORMATION]",Y
13781-2780,1,"Tesla, Inc.",1-Day,,,Apr-22,5YJYGAEEXMF, ,N/A,Tesla,Model Y, ,2021, ,f417f35d9c01d20,3495, ,Consumer,"[REDACTED, MAY CONTAIN CONFIDENTIAL BUSINESS INFORMATION]", ,Y,No,ADAS,, , ,Y, , , , , ,,Apr-22, ,Apr-22,20:21, ,7a4d2bd1cb7bc73,[MAY CONTAIN PERSONALLY IDENTIFIABLE INFORMATION], ,[MAY CONTAIN PERSONALLY IDENTIFIABLE INFORMATION], ,[MAY CONTAIN PERSONALLY IDENTIFIABLE INFORMATION], ,New Castle, ,DE ,[MAY CONTAIN PERSONALLY IDENTIFIABLE INFORMATION], ,Unknown,Unknown,Unknown,,Y,Unknown, , , , , , ,Y, ,,Unknown,Unknown,Yes,Unknown,Unknown,Unknown, , , , , , , , , , ,Y,Unknown,Yes,Unknown,Unknown,,Y, , , , , , , , , , ,Y,Y, , , , , , , ,Unknown,,Y,Unknown,,Y,,Y,,Y,"[REDACTED, MAY CONTAIN CONFIDENTIAL BUSINESS INFORMATION]",Y,"[REDACTED, MAY CONTAIN CONFIDENTIAL BUSINESS INFORMATION]",Y
13781-2656,2,"Tesla, Inc.",10-Day Update,,,Apr-22,5YJ3E1EA5KF, ,N/A,Tesla,Model 3, ,2019, ,ed1f5068d4dfb3e,28126, ,Consumer,"[REDACTED, MAY CONTAIN CONFIDENTIAL BUSINESS INFORMATION]", ,Y,No,ADAS,, , ,Y, , , , , ,,Apr-22, ,Apr-22,22:02, ,12d891e2afb7388,[MAY CONTAIN PERSONALLY IDENTIFIABLE INFORMATION], ,[MAY CONTAIN PERSONALLY IDENTIFIABLE INFORMATION], ,[MAY CONTAIN PERSONALLY IDENTIFIABLE INFORMATION], ,Springettsbury Township, ,PA ,[MAY CONTAIN PERSONALLY IDENTIFIABLE INFORMATION], ,Highway / Freeway,Wet,"Other, see Narrative",55, ,Daylight, , , , ,Y, , , ,,Other Fixed Object,Unknown,Yes,,,, , , , , , , , , , , ,Proceeding Straight,Yes,Unknown,Unknown,48, , , , , , , ,Y,Y, , , ,Y, ,Y, ,Y,Y, , ,Unknown,,Y,Unknown,,Y,,Y,,Y,"[REDACTED, MAY CONTAIN CONFIDENTIAL BUSINESS INFORMATION]",Y,"[REDACTED, MAY CONTAIN CONFIDENTIAL BUSINESS INFORMATION]",Y
13781-2643,2,"Tesla, Inc.",10-Day Update,,,Apr-22,5YJYGDEE7MF, ,N/A,Tesla,Model Y, ,2021, ,7ff3bfa6eb47e05,6974, ,Consumer,"[REDACTED, MAY CONTAIN CONFIDENTIAL BUSINESS INFORMATION]", ,Y,No,ADAS,, , ,Y, , , , , ,,Apr-22, ,Apr-22,15:05, ,292b56cc5b39a86,[MAY CONTAIN PERSONALLY IDENTIFIABLE INFORMATION], ,[MAY CONTAIN PERSONALLY IDENTIFIABLE INFORMATION], ,[MAY CONTAIN PERSONALLY IDENTIFIABLE INFORMATION], ,Chandler, ,AZ ,[MAY CONTAIN PERSONALLY IDENTIFIABLE INFORMATION], ,Street,Dry,No Unusual Conditions,45, ,Daylight,Y, , , , , , , ,,Pickup Truck,Unknown,Yes,Proceeding Straight,Unknown,Unknown, , ,Y, , ,Y, , , , , ,Making Left Turn,Yes,Unknown,Unknown,8, , ,Y, , , , , , , , , ,Y, ,Y, ,Y,Y, , ,Unknown,,Y,Unknown,,Y,,Y,,Y,"[REDACTED, MAY CONTAIN CONFIDENTIAL BUSINESS INFORMATION]",Y,"[REDACTED, MAY CONTAIN CONFIDENTIAL BUSINESS INFORMATION]",Y
13781-2697,2,"Tesla, Inc.",10-Day Update,,,Apr-22,5YJSA1E20HF, ,N/A,Tesla,Model S, ,2017, ,15ddfe7882d42af,46663, ,Consumer,"[REDACTED, MAY CONTAIN CONFIDENTIAL BUSINESS INFORMATION]", ,Y,No,ADAS,, , ,Y, , , , , ,,Apr-22, ,Apr-22,3:35, ,643cdaea58dd796,[MAY CONTAIN PERSONALLY IDENTIFIABLE INFORMATION], ,[MAY CONTAIN PERSONALLY IDENTIFIABLE INFORMATION], ,[MAY CONTAIN PERSONALLY IDENTIFIABLE INFORMATION], ,Las Vegas, ,NV ,[MAY CONTAIN PERSONALLY IDENTIFIABLE INFORMATION], ,Highway / Freeway,Unknown,Unknown,65, ,Unknown, , , , , , ,Y, ,,Unknown,Unknown,Yes,Unknown,Unknown,Unknown, , , , , , , , , , ,Y,Proceeding Straight,Yes,Unknown,Unknown,12, , , , , , , , , , , ,Y,Y, ,Y, , ,Y, , ,Unknown,,Y,Unknown,,Y,,Y,,Y,"[REDACTED, MAY CONTAIN CONFIDENTIAL BUSINESS INFORMATION]",Y,"[REDACTED, MAY CONTAIN CONFIDENTIAL BUSINESS INFORMATION]",Y
13781-2669,2,"Tesla, Inc.",10-Day Update,,,Apr-22,5YJ3E1EC9LF, ,N/A,Tesla,Model 3, ,2020, ,2c41c96ddde7e27,66281, ,Consumer,"[REDACTED, MAY CONTAIN CONFIDENTIAL BUSINESS INFORMATION]", ,Y,No,ADAS,, , ,Y, , , , , ,,Apr-22, ,Apr-22,4:13, ,b96b403bd32a227,[MAY CONTAIN PERSONALLY IDENTIFIABLE INFORMATION], ,[MAY CONTAIN PERSONALLY IDENTIFIABLE INFORMATION], ,[MAY CONTAIN PERSONALLY IDENTIFIABLE INFORMATION], ,Virginia Beach, ,VA ,[MAY CONTAIN PERSONALLY IDENTIFIABLE INFORMATION], ,Intersection,Dry,No Unusual Conditions,35, ,Dark - Lighted,Y, , , , , , , ,,Passenger Car,Unknown,Yes,Making Left Turn,Unknown,Unknown, , ,Y, , , , , , , , ,Proceeding Straight,Yes,Unknown,Unknown,24, , , , , , ,Y, , , , , ,Y, ,Y, ,Y,Y, , ,Unknown,,Y,Unknown,,Y,,Y,,Y,"[REDACTED, MAY CONTAIN CONFIDENTIAL BUSINESS INFORMATION]",Y,"[REDACTED, MAY CONTAIN CONFIDENTIAL BUSINESS INFORMATION]",Y
13781-2668,2,"Tesla, Inc.",10-Day Update,,,Apr-22,5YJYGAEE0MF, ,N/A,Tesla,Model Y, ,2021, ,41d14434f5e0f06,32010, ,Consumer,"[REDACTED, MAY CONTAIN CONFIDENTIAL BUSINESS INFORMATION]", ,Y,No,ADAS,, , ,Y, , , , , ,,Apr-22, ,Apr-22,21:21, ,a719e931e5590cf,[MAY CONTAIN PERSONALLY IDENTIFIABLE INFORMATION], ,[MAY CONTAIN PERSONALLY IDENTIFIABLE INFORMATION], ,[MAY CONTAIN PERSONALLY IDENTIFIABLE INFORMATION], ,San Antonio, ,TX ,[MAY CONTAIN PERSONALLY IDENTIFIABLE INFORMATION], ,Highway / Freeway,Dry,No Unusual Conditions,70, ,Daylight,Y, , , , , , , ,,"Other, see Narrative",Unknown,Yes,Unknown,Unknown,Unknown, , , , , , , , , , ,Y,Proceeding Straight,Yes,Unknown,Unknown,64, , , , , , , , , , , ,Y,Y, ,Y, ,Y,Y, , ,Unknown,,Y,Unknown,,Y,,Y,,Y,"[REDACTED, MAY CONTAIN CONFIDENTIAL BUSINESS INFORMATION]",Y,"[REDACTED, MAY CONTAIN CONFIDENTIAL BUSINESS INFORMATION]",Y
13781-2667,2,"Tesla, Inc.",10-Day Update,,,Apr-22,5YJ3E1ECXLF, ,N/A,Tesla,Model 3, ,2020, ,da8f3e2d16e1bd8,37524, ,Consumer,"[REDACTED, MAY CONTAIN CONFIDENTIAL BUSINESS INFORMATION]", ,Y,No,ADAS,, , ,Y, , , , , ,,Apr-22, ,Apr-22,8:39, ,23f0c50fde6993f,[MAY CONTAIN PERSONALLY IDENTIFIABLE INFORMATION], ,[MAY CONTAIN PERSONALLY IDENTIFIABLE INFORMATION], ,[MAY CONTAIN PERSONALLY IDENTIFIABLE INFORMATION], ,Sugar Land, ,TX ,[MAY CONTAIN PERSONALLY IDENTIFIABLE INFORMATION], ,Street,Dry,No Unusual Conditions,35, ,Dark - Lighted,Y, , , , , , , ,,Passenger Car,Unknown,Yes,Making Left Turn,Unknown,Unknown,Y,Y, , , , , , , , , ,Proceeding Straight,Yes,Unknown,Unknown,20, , , , , , ,Y, , ,Y, , ,Y, ,Y, ,Y,Y, , ,Unknown,,Y,Unknown,,Y,,Y,,Y,"[REDACTED, MAY CONTAIN CONFIDENTIAL BUSINESS INFORMATION]",Y,"[REDACTED, MAY CONTAIN CONFIDENTIAL BUSINESS INFORMATION]",Y
13781-2650,2,"Tesla, Inc.",10-Day Update,,,Apr-22,5YJ3E1EA8NF, ,N/A,Tesla,Model 3, ,2022, ,debef39863c5ed8,1841, ,Consumer,"[REDACTED, MAY CONTAIN CONFIDENTIAL BUSINESS INFORMATION]", ,Y,No,ADAS,, , ,Y, , , , , ,,Apr-22, ,Apr-22,19:18, ,9ffb64b4e3f922a,[MAY CONTAIN PERSONALLY IDENTIFIABLE INFORMATION], ,[MAY CONTAIN PERSONALLY IDENTIFIABLE INFORMATION], ,[MAY CONTAIN PERSONALLY IDENTIFIABLE INFORMATION], ,Brentwood, ,TN ,[MAY CONTAIN PERSONALLY IDENTIFIABLE INFORMATION], ,Unknown,Unknown,Unknown,40, ,Unknown, , , , , , ,Y, ,,Unknown,Unknown,Yes,Unknown,Unknown,Unknown, , , , , , , , , , ,Y,Proceeding Straight,Yes,Unknown,Unknown,35, , , , , , , , , , , ,Y,Y, , , , ,Y, , ,Unknown,,Y,Unknown,,Y,,Y,,Y,"[REDACTED, MAY CONTAIN CONFIDENTIAL BUSINESS INFORMATION]",Y,"[REDACTED, MAY CONTAIN CONFIDENTIAL BUSINESS INFORMATION]",Y
13781-2740,1,"Tesla, Inc.",1-Day,,,Apr-22,5YJXCAE28GF, ,N/A,Tesla,Model X, ,2016, ,b2ccae6b7342883,82744, ,Consumer,"[REDACTED, MAY CONTAIN CONFIDENTIAL BUSINESS INFORMATION]", ,Y,No,ADAS,, , , , , , ,Y, ,,Apr-22, ,Apr-22,5:00, ,2ea08b89dbd016d,,Y,,Y,[MAY CONTAIN PERSONALLY IDENTIFIABLE INFORMATION], ,Fort Lauderdale, ,FL ,[MAY CONTAIN PERSONALLY IDENTIFIABLE INFORMATION], ,Highway / Freeway,Unknown,Unknown,,Y,Unknown, , , , , , ,Y, ,,First Responder Vehicle,Minor,Yes,Unknown,Unknown,Unknown, , , , , , , , , , ,Y,Unknown,Yes,Unknown,Unknown,,Y, , , , , , , , , , ,Y, , , , , ,Y, , ,Unknown,,Y,Unknown,,Y,,Y,,Y,"[REDACTED, MAY CONTAIN CONFIDENTIAL BUSINESS INFORMATION]",Y,"[REDACTED, MAY CONTAIN CONFIDENTIAL BUSINESS INFORMATION]",Y
13781-2729,1,"Tesla, Inc.",1-Day,,,Apr-22,5YJYGDEF8LF, ,N/A,Tesla,Model Y, ,2020, ,88c7c386abaa900,16348, ,Consumer,"[REDACTED, MAY CONTAIN CONFIDENTIAL BUSINESS INFORMATION]", ,Y,No,ADAS,, , ,Y, , , , , ,,Apr-22, ,Apr-22,3:15, ,f94f2001ca04639,[MAY CONTAIN PERSONALLY IDENTIFIABLE INFORMATION], ,[MAY CONTAIN PERSONALLY IDENTIFIABLE INFORMATION], ,[MAY CONTAIN PERSONALLY IDENTIFIABLE INFORMATION], ,Seattle, ,WA ,[MAY CONTAIN PERSONALLY IDENTIFIABLE INFORMATION], ,Highway / Freeway,Unknown,Unknown,,Y,Unknown, , , , , , ,Y, ,,Unknown,Unknown,Yes,Unknown,Unknown,Unknown, , , , , , , , , , ,Y,Unknown,Yes,Unknown,Unknown,,Y, , , , , , , , , , ,Y,Y, , , , , , , ,Unknown,,Y,Unknown,,Y,,Y,,Y,"[REDACTED, MAY CONTAIN CONFIDENTIAL BUSINESS INFORMATION]",Y,"[REDACTED, MAY CONTAIN CONFIDENTIAL BUSINESS INFORMATION]",Y
62-2715,1,Honda (American Honda Motor Co.),1-Day,,,Apr-22,7FARW2H81KE, ,N/A,Honda,CR-V, ,2019, ,35e39b0b711650b,,Y,Consumer,,Y, ,No,"Unknown, see Narrative",, , ,Y, , , , , ,,Nov-21, ,Apr-22,,Y,e3f4bd8560d9a95,,Y,,Y,,Y,,Y,NY ,,Y,Street,Unknown,Unknown,,Y,Unknown, , , , , , ,Y, ,,Unknown,Moderate,No,Proceeding Straight,Unknown,Unknown, , , , , , , , , , ,Y,Proceeding Straight,Yes,Yes,Unknown,,Y, , , , , , , , , , ,Y, , , ,Y, , , , ,No,, ,No,, ,, ,, ,"Unknown, see Narrative", ,Customer called requesting assistance with an insurance payoff to American Honda Finance.  The customer was involved in an incident where their vehicle was struck on the side by a vehicle that did not stop at a stop sign.  The customer alleges Lane Keeping Assist System and Adaptive Cruise Control were engaged at the time of the incident., 
62-2703,1,Honda (American Honda Motor Co.),1-Day,,,Apr-22,19UUB6F47MA, ,N/A,Acura,TLX, ,2021, ,56d3b7e8d9f742c,,Y,Consumer,,Y, ,No,"Unknown, see Narrative",, ,Y, , , , , , ,,,Y,Apr-22,,Y, ,,Y,,Y,,Y,,Y,UNK,,Y,Unknown,Unknown,Unknown,,Y,Unknown, , , , , , ,Y, ,,Unknown,No Injuries Reported,No,Unknown,Unknown,Unknown, , , , , , , , , , ,Y,Proceeding Straight,Yes,Yes,Unknown,,Y, , , , , ,Y, , , , , , , , ,Y, , , , ,Unknown,,Y,No,,Y,,Y,,Y,"Unknown, see Narrative", ,Customer called requesting assistance with back-ordered part.  Customer states they were involved in an incident in October 2021 where another car pulled out in front of them resulting in a collision.  Customer alleges Lane Keeping Assist System and Adaptive Cruise Control were engaged at the time of the incident., 
62-2702,1,Honda (American Honda Motor Co.),1-Day,,,Apr-22,2HGFC2F85KH, ,N/A,Honda,Civic, ,2019, ,3eda7792f5ab070,25321, ,Consumer,,Y, ,No,"Unknown, see Narrative",, ,Y, , , , , , ,,,Y,Apr-22,,Y, ,,Y,,Y,,Y,,Y,UNK,,Y,Unknown,Unknown,Unknown,,Y,Unknown, , , , , , ,Y, ,,Other Fixed Object,Unknown,Yes,,,, , , , , , , , , , , ,Unknown,Yes,No,Unknown,,Y, , , , , , , , , , ,Y, , , ,Y, , , , ,No,, ,No,, ,, ,, ,"Unknown, see Narrative", ,"Customer called requesting help with a back-ordered part.  Customer alleges they hit a concrete culvert [REDACTED, MAY CONTAIN CONFIDENTIAL BUSINESS INFORMATION] with Lane Keeping Assist System and Adaptive Cruise Control engaged.  No further details about the incident were provided.", 
13781-2697,1,"Tesla, Inc.",1-Day,,,Apr-22,5YJSA1E20HF, ,N/A,Tesla,Model S, ,2017, ,15ddfe7882d42af,46663, ,Consumer,"[REDACTED, MAY CONTAIN CONFIDENTIAL BUSINESS INFORMATION]", ,Y,No,ADAS,, , ,Y, , , , , ,,Apr-22, ,Apr-22,3:35, ,643cdaea58dd796,[MAY CONTAIN PERSONALLY IDENTIFIABLE INFORMATION], ,[MAY CONTAIN PERSONALLY IDENTIFIABLE INFORMATION], ,[MAY CONTAIN PERSONALLY IDENTIFIABLE INFORMATION], ,Las Vegas, ,NV ,[MAY CONTAIN PERSONALLY IDENTIFIABLE INFORMATION], ,Highway / Freeway,Unknown,Unknown,,Y,Unknown, , , , , , ,Y, ,,Unknown,Unknown,Yes,Unknown,Unknown,Unknown, , , , , , , , , , ,Y,Unknown,Yes,Unknown,Unknown,,Y, , , , , , , , , , ,Y,Y, , , , , , , ,Unknown,,Y,Unknown,,Y,,Y,,Y,"[REDACTED, MAY CONTAIN CONFIDENTIAL BUSINESS INFORMATION]",Y,"[REDACTED, MAY CONTAIN CONFIDENTIAL BUSINESS INFORMATION]",Y
62-2692,1,Honda (American Honda Motor Co.),1-Day,,,Apr-22,2HKRW2H51MH, ,N/A,Honda,CR-V, ,2021, ,59c270452933d29,6000, ,Consumer,,Y, ,No,"Unknown, see Narrative",, ,Y, , , , , , ,,,Y,Apr-22,,Y, ,,Y,,Y,,Y,,Y,UNK,,Y,Unknown,Unknown,Unknown,,Y,Unknown, , , , , , ,Y, ,,Unknown,Unknown,Unknown,Unknown,Unknown,Unknown, , , , , , , , , , ,Y,Unknown,Yes,Yes,Unknown,,Y, , , , , , , , , , ,Y, , , ,Y, , , , ,Unknown,,Y,No,,Y,,Y,,Y,"Unknown, see Narrative", ,"Customer called requesting assistance in obtaining parts needed to complete their vehicle's repair.  The repair was needed due to a stated incident, however, no details of the incident were provided.  The customer stated Lane Keeping Assist System and Adaptive Cruise Control were engaged at the time of the incident.", 
62-2691,1,Honda (American Honda Motor Co.),1-Day,,,Apr-22,1HGCR2F97HA, ,N/A,Honda,Accord, ,2017, ,816430693a27a90,82000, ,Consumer,,Y, ,No,"Unknown, see Narrative",, ,Y, , , , , , ,,Mar-22, ,Apr-22,,Y,b88afb8c23ec126,,Y,,Y,,Y,Baltimore, ,MD ,,Y,Unknown,Unknown,Unknown,,Y,Unknown, , , , , , ,Y, ,,Unknown,Moderate,No,Unknown,Unknown,Unknown, , , , , , , , , , ,Y,Unknown,No,Yes,Unknown,,Y, , , , , , , , , , ,Y, , , ,Y, , , , ,No,, ,No,, ,, ,, ,"Unknown, see Narrative", ,Customer called to praise Honda Sensing system.  Customer stated they were the victim of a hit-and-run incident and stated Collision Mitigation Braking System was monumental in saving their life.  Customer is requesting assistance in locating a replacement Honda vehicle.  Customer alleges that Lane Keeping Assist System and Adaptive Cruise Control were engaged at the time of the incident., 
62-2690,1,Honda (American Honda Motor Co.),1-Day,,,Apr-22,3CZRU6H55KM, ,N/A,Honda,HR-V, ,2019, ,0f6761a4b315351,14625, ,Consumer,,Y, ,No,"Unknown, see Narrative",, ,Y, , , , , , ,,Feb-22, ,Mar-22,,Y,df39ff28d8dfe06,,Y,,Y,,Y,East Rutherford, ,NJ ,[MAY CONTAIN PERSONALLY IDENTIFIABLE INFORMATION], ,Unknown,Unknown,Unknown,,Y,Unknown, , , , , , ,Y, ,,Bus,No Injuries Reported,Unknown,Unknown,Unknown,Unknown, , , , , , , , , , ,Y,Unknown,Yes,Yes,Unknown,,Y, , , , , , , ,Y, , , , , , ,Y, , , , ,No,, ,No,, ,, ,, ,"Unknown, see Narrative", ,The customer called requesting rental car assistance for a delayed repair.  The repair was needed due to an incident involving a small school bus hitting the customer's passenger side of the vehicle.  The customer alleges the Lane Keeping Assist System and Adaptive Cruise Control were engaged at the time of the incident., 