Report ID,Report Version,Reporting Entity,Report Type,Report Month,Report Year,Report Submission Date,VIN,VIN - Unknown,Serial Number,Make,Model,Model - Unknown,Model Year,Model Year - Unknown,Same Vehicle ID,Mileage,Mileage - Unknown,Driver / Operator Type,ADAS/ADS Version,ADAS/ADS Version - Unknown,ADAS/ADS Version CBI,ADS Equipped?,Automation System Engaged?,Operating Entity,Operating Entity - Unknown,Source - Complaint/Claim,Source - Telematics,Source - Law Enforcement,Source - Field Report,Source - Testing,Source - Media,Source - Other,Source - Other Text,Incident Date,Incident Date - Unknown,Notice Received Date,Incident Time (24:00),Incident Time - Unknown,Same Incident ID,Latitude,Latitude  - Unknown,Longitude,Longitude - Unknown,Address,Address - Unknown,City,City - Unknown,State,Zip Code,Zip Code - Unknown,Roadway Type,Roadway Surface,Roadway Description,Posted Speed Limit (MPH),Posted Speed Limit - Unknown,Lighting,Weather - Clear,Weather - Snow,Weather - Cloudy,Weather - Fog/Smoke,Weather - Rain,Weather - Severe Wind,Weather - Unknown,Weather - Other,Weather - Other Text,Crash With,Highest Injury Severity,Property Damage?,CP Pre-Crash Movement,CP Any Air Bags Deployed?,CP Was Vehicle Towed?,CP Contact Area - Rear Left,CP Contact Area - Left,CP Contact Area - Front Left,CP Contact Area - Rear,CP Contact Area - Top,CP Contact Area - Front,CP Contact Area - Rear Right,CP Contact Area - Right,CP Contact Area - Front Right,CP Contact Area - Bottom,CP Contact Area - Unknown,SV Pre-Crash Movement,SV Any Air Bags Deployed?,SV Was Vehicle Towed?,SV Were All Passengers Belted?,SV Precrash Speed (MPH),SV Pre-crash Speed - Unknown,SV Contact Area - Rear Left,SV Contact Area - Left,SV Contact Area - Front Left,SV Contact Area - Rear,SV Contact Area - Top,SV Contact Area - Front,SV Contact Area - Rear Right,SV Contact Area - Right,SV Contact Area - Front Right,SV Contact Area - Bottom,SV Contact Area - Unknown,Data Availability - EDR,Data Availability - Police Rpt,Data Availability - Telematics,Data Availability - Complaints,Data Availability - Video,Data Availability - Other,Data Availability - No Data,Data Availability - Unknown,Law Enforcement Investigating?,Investigating Agency,Investigating Agency - Unknown,Rep Ent Or Mfr Investigating?,Investigating Officer Name,Inv. Officer Name - Unknown,Investigating Officer Phone,Inv. Officer Phone - Unknown,Investigating Officer Email,Inv. Officer Email - Unknown,Within ODD?,Within ODD? - CBI,Narrative,Narrative - CBI?
540-2375,1,"General Motors, LLC",1-Day,,,Feb-22,1G6KP5R62KU, ,N/A,Cadillac,CT6, ,2019, ,98d1e30fb28769b,86110, ,Consumer,Level 2, , ,No,ADAS,, , ,Y,Y, , , , ,,Feb-22, ,Feb-22,9:41, ,07213bfb9b1eeb2,[MAY CONTAIN PERSONALLY IDENTIFIABLE INFORMATION], ,[MAY CONTAIN PERSONALLY IDENTIFIABLE INFORMATION], ,[MAY CONTAIN PERSONALLY IDENTIFIABLE INFORMATION], ,Boca Raton, ,FL ,[MAY CONTAIN PERSONALLY IDENTIFIABLE INFORMATION], ,Highway / Freeway,Dry,Unknown,65, ,Daylight, , ,Y, , , , , ,,Other Fixed Object,Minor,Yes,,,, , , , , , , , , , , ,Lane / Road Departure,No,Yes,"No, see Narrative",70, , , , , , , , , , , ,Y,Y, ,Y, , , , , ,Unknown,,Y,No,,Y,,Y,,Y,Yes, ,"This single-vehicle crash involved a 2019 Cadillac CT6 that hit a highway median. GM's current understanding of the crash is based on OnStar telematics data and the driver's statements after the crash to an OnStar representative.  Before the crash, the vehicle was proceeding on a highway road with Super Cruise engaged at 70 mph at 09:41:21.  According to the OnStar audio recordings, the driver stated that his knee contacted the steering wheel causing the vehicle to veer left and crash into the highway median.  Telematics data indicates that the vehicle was in Super Cruise ""active"" mode when the steering wheel was manually moved and the vehicle entered a manual override mode 7 seconds prior to the crash.  According to the AACN report, airbags were not deployed and the driver was not buckled.  According to the OnStar Audio recording the driver hit his head on the roof rail and commented that his back hurt and may need an x-ray, however, it is unknown if the driver sought medical attention at a hospital. Contact to the local police station confirmed the vehicle was towed.", 
13781-2374,1,"Tesla, Inc.",1-Day,,,Feb-22,5YJSA1E65MF, ,N/A,Tesla,Model S, ,2021, ,7fb9c41d27c4cf0,2016, ,Consumer,"[REDACTED, MAY CONTAIN CONFIDENTIAL BUSINESS INFORMATION]", ,Y,No,ADAS,, , ,Y, , , , , ,,Feb-22, ,Feb-22,14:04, ,b6961e05ee914d1,[MAY CONTAIN PERSONALLY IDENTIFIABLE INFORMATION], ,[MAY CONTAIN PERSONALLY IDENTIFIABLE INFORMATION], ,[MAY CONTAIN PERSONALLY IDENTIFIABLE INFORMATION], ,North Richland Hills, ,TX ,[MAY CONTAIN PERSONALLY IDENTIFIABLE INFORMATION], ,Unknown,Unknown,Unknown,,Y,Unknown, , , , , , ,Y, ,,Unknown,Unknown,Unknown,Unknown,Unknown,Unknown, , , , , , , , , , ,Y,Unknown,No,Yes,Unknown,,Y, , , , , , , , , , ,Y,Y, , , , , , , ,Unknown,,Y,Unknown,,Y,,Y,,Y,"[REDACTED, MAY CONTAIN CONFIDENTIAL BUSINESS INFORMATION]",Y,"[REDACTED, MAY CONTAIN CONFIDENTIAL BUSINESS INFORMATION]",Y
13781-2373,1,"Tesla, Inc.",1-Day,,,Feb-22,5YJ3E1EB8MF, ,N/A,Tesla,Model 3, ,2021, ,97616c68363ea39,22927, ,Consumer,"[REDACTED, MAY CONTAIN CONFIDENTIAL BUSINESS INFORMATION]", ,Y,No,ADAS,, , ,Y, , , , , ,,Feb-22, ,Feb-22,15:52, ,c5f5bd03bf07daf,[MAY CONTAIN PERSONALLY IDENTIFIABLE INFORMATION], ,[MAY CONTAIN PERSONALLY IDENTIFIABLE INFORMATION], ,[MAY CONTAIN PERSONALLY IDENTIFIABLE INFORMATION], ,Fairview Park, ,OH ,[MAY CONTAIN PERSONALLY IDENTIFIABLE INFORMATION], ,Highway / Freeway,Unknown,Unknown,,Y,Unknown, , , , , , ,Y, ,,Unknown,Unknown,Yes,Unknown,Unknown,Unknown, , , , , , , , , , ,Y,Unknown,Yes,Unknown,Unknown,,Y, , , , , , , , , , ,Y,Y, , , , , , , ,Unknown,,Y,Unknown,,Y,,Y,,Y,"[REDACTED, MAY CONTAIN CONFIDENTIAL BUSINESS INFORMATION]",Y,"[REDACTED, MAY CONTAIN CONFIDENTIAL BUSINESS INFORMATION]",Y
13781-2372,1,"Tesla, Inc.",1-Day,,,Feb-22,5YJ3E1EA8MF, ,N/A,Tesla,Model 3, ,2021, ,d846268fcae9402,22011, ,Consumer,"[REDACTED, MAY CONTAIN CONFIDENTIAL BUSINESS INFORMATION]", ,Y,No,ADAS,, , ,Y, , , , , ,,Feb-22, ,Feb-22,20:27, ,4422da7c2172907,[MAY CONTAIN PERSONALLY IDENTIFIABLE INFORMATION], ,[MAY CONTAIN PERSONALLY IDENTIFIABLE INFORMATION], ,[MAY CONTAIN PERSONALLY IDENTIFIABLE INFORMATION], ,Tampa, ,FL ,[MAY CONTAIN PERSONALLY IDENTIFIABLE INFORMATION], ,Unknown,Unknown,Unknown,,Y,Unknown, , , , , , ,Y, ,,Unknown,Unknown,Yes,Unknown,Unknown,Unknown, , , , , , , , , , ,Y,Unknown,Yes,Unknown,Unknown,,Y, , , , , , , , , , ,Y,Y, , , , , , , ,Unknown,,Y,Unknown,,Y,,Y,,Y,"[REDACTED, MAY CONTAIN CONFIDENTIAL BUSINESS INFORMATION]",Y,"[REDACTED, MAY CONTAIN CONFIDENTIAL BUSINESS INFORMATION]",Y
62-2368,1,Honda (American Honda Motor Co.),1-Day,,,Feb-22,5FNRL6H50MB, ,n/a,Honda,Odyssey, ,2021, ,8ff6f2ecddfd29d,,Y,Consumer,,Y, ,No,"Unknown, see Narrative",, ,Y, , , , , , ,,Feb-22, ,Feb-22,,Y,602c27df759ba67,,Y,,Y,,Y,San Antonio, ,TX ,,Y,Unknown,Unknown,Unknown,,Y,Unknown, , , , , , ,Y, ,,Unknown,Serious,Unknown,Proceeding Straight,Unknown,Unknown, , , , , ,Y, , , , , ,Unknown,No,Yes,Unknown,,Y, , , ,Y, , , , , , , , , , ,Y, , , , ,No,, ,No,, ,, ,, ,"Unknown, see Narrative", ,The customer was slowing down when a vehicle rear-ended him. The customer alleges that both the Lane Keep Assist System and Adaptive Cruise Control were engaged., 
62-2367,1,Honda (American Honda Motor Co.),1-Day,,,Feb-22,19UDE2F77KA, ,n/a,Acura,ILX, ,2019, ,d56704201b78ad7,,Y,Consumer,,Y, ,No,"Unknown, see Narrative",, ,Y, , , , , , ,,Jan-22, ,Feb-22,,Y,42d05fde5aebf65,,Y,,Y,,Y,Leesburg, ,VA ,,Y,Unknown,Unknown,Unknown,,Y,Unknown, , , , , , ,Y, ,,Unknown,No Injuries Reported,No,Stopped,Unknown,Unknown, , , ,Y, , , , , , , ,Proceeding Straight,Yes,Yes,Unknown,,Y, , , , , ,Y, , , , , , , , ,Y, , , , ,No,, ,No,, ,, ,, ,"Unknown, see Narrative", ,The customer rear-ended the vehicle in front of him after that vehicle stopped suddenly due to traffic conditions. The customer alleges that the Lane Keep Assist System and Adaptive Cruise Control were engaged., 
13781-2324,2,"Tesla, Inc.",10-Day Update,,,Feb-22,7SAYGAEE7NF, ,N/A,Tesla,Model Y, ,2022, ,416fb63dbdcad91,6630, ,Consumer,"[REDACTED, MAY CONTAIN CONFIDENTIAL BUSINESS INFORMATION]", ,Y,No,"Unknown, see Narrative",, ,Y, , , , , , ,,Feb-22, ,Feb-22,3:02, ,85ba5450941916e,[MAY CONTAIN PERSONALLY IDENTIFIABLE INFORMATION], ,[MAY CONTAIN PERSONALLY IDENTIFIABLE INFORMATION], ,[MAY CONTAIN PERSONALLY IDENTIFIABLE INFORMATION], ,Emporia, ,VA ,[MAY CONTAIN PERSONALLY IDENTIFIABLE INFORMATION], ,Highway / Freeway,Dry,No Unusual Conditions,60, ,Daylight,Y, , , , , , , ,,Unknown,Unknown,Yes,Unknown,Unknown,Unknown, , , , , , , , , , ,Y,Proceeding Straight,Yes,Unknown,Unknown,67, , , , , , , , , , , ,Y,Y, ,Y,Y,Y, , , ,Unknown,,Y,Unknown,,Y,,Y,,Y,"[REDACTED, MAY CONTAIN CONFIDENTIAL BUSINESS INFORMATION]",Y,"[REDACTED, MAY CONTAIN CONFIDENTIAL BUSINESS INFORMATION]",Y
62-2363,1,Honda (American Honda Motor Co.),1-Day,,,Feb-22,19UUB7F0XMA, ,n/a,Acura,TLX, ,2021, ,e0af18f6c3963ab,,Y,Consumer,,Y, ,No,"Unknown, see Narrative",, ,Y, , , , , , ,,Dec-21, ,Feb-22,,Y,0ea1ec98f503cf2,,Y,,Y,,Y,New York, ,NY ,,Y,Parking Lot,Unknown,Unknown,,Y,Unknown, , , , , , ,Y, ,,Unknown,No Injuries Reported,Unknown,Backing,Unknown,Unknown, , , , , , , , , , ,Y,Unknown,Yes,No,Unknown,,Y, , , , , , ,Y,Y, , , , , , ,Y, , , , ,No,, ,No,, ,, ,, ,"Unknown, see Narrative", ,The customer was driving through a parking lot when another vehicle back out of a parking spot and hit the customer. The customer alleges that the Lane Keep Assist System and Adaptive Cruise Control were engaged., 
62-2360,1,Honda (American Honda Motor Co.),1-Day,,,Feb-22,5J8YD4H38LL, ,n/a,Acura,MDX, ,2020, ,4d548a59c414cba,,Y,Consumer,,Y, ,No,"Unknown, see Narrative",, ,Y, , , , , , ,,Dec-21, ,Feb-22,,Y,3461df2282d70cb,,Y,,Y,,Y,Chalfont, ,PA ,,Y,Unknown,Unknown,Unknown,,Y,Unknown, , , , , , ,Y, ,,Unknown,Moderate,Unknown,Changing Lanes,Unknown,Unknown, , , , , , , , , , ,Y,Unknown,No,Yes,Unknown,,Y, , , , , , , , , , ,Y, , , ,Y, , , , ,No,, ,No,, ,, ,, ,"Unknown, see Narrative", ,"Customer alleges that another driver was texting and crossed over into his lane, causing a crash. Customer alleges that the Lane Keep Assist System and Adaptive Cruise Control were engaged.", 
13781-2355,1,"Tesla, Inc.",1-Day,,,Feb-22,5YJYGDEE2MF, ,N/A,Tesla,Model Y, ,2021, ,76203aa65db3d1d,53744, ,Consumer,"[REDACTED, MAY CONTAIN CONFIDENTIAL BUSINESS INFORMATION]", ,Y,No,ADAS,, , ,Y, , , , , ,,Feb-22, ,Feb-22,8:39, ,0b95486b6cfaa05,[MAY CONTAIN PERSONALLY IDENTIFIABLE INFORMATION], ,[MAY CONTAIN PERSONALLY IDENTIFIABLE INFORMATION], ,[MAY CONTAIN PERSONALLY IDENTIFIABLE INFORMATION], ,Rochester, ,NY ,[MAY CONTAIN PERSONALLY IDENTIFIABLE INFORMATION], ,Highway / Freeway,Unknown,Unknown,,Y,Unknown, , , , , , ,Y, ,,Unknown,Unknown,Yes,Unknown,Unknown,Unknown, , , , , , , , , , ,Y,Unknown,Yes,Unknown,Unknown,,Y, , , , , , , , , , ,Y,Y, , , , , , , ,Unknown,,Y,Unknown,,Y,,Y,,Y,"[REDACTED, MAY CONTAIN CONFIDENTIAL BUSINESS INFORMATION]",Y,"[REDACTED, MAY CONTAIN CONFIDENTIAL BUSINESS INFORMATION]",Y
13781-2341,2,"Tesla, Inc.",10-Day Update,,,Feb-22,5YJ3E1EB7KF, ,N/A,Tesla,Model 3, ,2019, ,b6246e857635f8a,30477, ,Consumer,"[REDACTED, MAY CONTAIN CONFIDENTIAL BUSINESS INFORMATION]", ,Y,No,ADAS,, , ,Y, , , , , ,,Feb-22, ,Feb-22,14:08, ,dad1f5a24a58be6,[MAY CONTAIN PERSONALLY IDENTIFIABLE INFORMATION], ,[MAY CONTAIN PERSONALLY IDENTIFIABLE INFORMATION], ,[MAY CONTAIN PERSONALLY IDENTIFIABLE INFORMATION], ,Great Falls, ,VA ,[MAY CONTAIN PERSONALLY IDENTIFIABLE INFORMATION], ,Rural Road,Dry,"Other, see Narrative",35, ,Daylight,Y, , , , , , , ,,"Other, see Narrative",Unknown,Yes,Proceeding Straight,Unknown,Unknown,Y, , , , , , , , , , ,Unknown,Yes,Unknown,Unknown,35, , , , , , , , , ,Y, , ,Y, ,Y, ,Y, , , ,Unknown,,Y,Unknown,,Y,,Y,,Y,"[REDACTED, MAY CONTAIN CONFIDENTIAL BUSINESS INFORMATION]",Y,"[REDACTED, MAY CONTAIN CONFIDENTIAL BUSINESS INFORMATION]",Y
502-2354,1,Ford Motor Company,1-Day,,,Feb-22,1FMCU9J9XLU, ,N/A,Ford,Escape, ,2020, ,f6617bfe417a14a,,Y,Consumer,"[REDACTED, MAY CONTAIN CONFIDENTIAL BUSINESS INFORMATION]", ,Y,No,ADAS,, ,Y, , , , , , ,,Feb-22, ,Feb-22,,Y,0c245b93719a23b,,Y,,Y,[MAY CONTAIN PERSONALLY IDENTIFIABLE INFORMATION], ,Middleburg, ,FL ,,Y,Intersection,Dry,No Unusual Conditions,,Y,Dawn / Dusk, , ,Y, , , , , ,,Heavy Truck,Moderate,Yes,Stopped,No,No,Y, , ,Y, , , , , , , ,Proceeding Straight,Yes,Yes,Yes,,Y, , , , ,Y,Y,Y,Y,Y, , , ,Y, , , , , , ,Yes,Clay County Sheriff, ,Yes,,Y,,Y,,Y,"[REDACTED, MAY CONTAIN CONFIDENTIAL BUSINESS INFORMATION]",Y,"[REDACTED, MAY CONTAIN CONFIDENTIAL BUSINESS INFORMATION]",Y
13781-2334,2,"Tesla, Inc.",10-Day Update,,,Feb-22,5YJSA1E28FF, ,N/A,Tesla,Model S, ,2015, ,2e8973e44b73557,131753, ,Consumer,"[REDACTED, MAY CONTAIN CONFIDENTIAL BUSINESS INFORMATION]", ,Y,No,ADAS,, , ,Y, , , , , ,,Feb-22, ,Feb-22,19:55, ,274941f9ee93fe8,[MAY CONTAIN PERSONALLY IDENTIFIABLE INFORMATION], ,[MAY CONTAIN PERSONALLY IDENTIFIABLE INFORMATION], ,[MAY CONTAIN PERSONALLY IDENTIFIABLE INFORMATION], ,Clifton, ,NJ ,[MAY CONTAIN PERSONALLY IDENTIFIABLE INFORMATION], ,Highway / Freeway,Unknown,Unknown,55, ,Unknown, , , , , , ,Y, ,,Unknown,Unknown,Yes,Unknown,Unknown,Unknown, , , , , , , , , , ,Y,Unknown,Yes,Unknown,Unknown,36, , , , , , , , , , , ,Y,Y, , , , , , , ,Unknown,,Y,Unknown,,Y,,Y,,Y,"[REDACTED, MAY CONTAIN CONFIDENTIAL BUSINESS INFORMATION]",Y,"[REDACTED, MAY CONTAIN CONFIDENTIAL BUSINESS INFORMATION]",Y
13781-2278,2,"Tesla, Inc.",10-Day Update,,,Feb-22,5YJYGDEE7LF, ,N/A,Tesla,Model Y, ,2020, ,c8d158b8d033a47,50762, ,Consumer,"[REDACTED, MAY CONTAIN CONFIDENTIAL BUSINESS INFORMATION]", ,Y,No,ADAS,, , ,Y, , , , , ,,Feb-22, ,Feb-22,23:16, ,d5b60c1f14a57ba,[MAY CONTAIN PERSONALLY IDENTIFIABLE INFORMATION], ,[MAY CONTAIN PERSONALLY IDENTIFIABLE INFORMATION], ,[MAY CONTAIN PERSONALLY IDENTIFIABLE INFORMATION], ,Tinton Falls, ,NJ ,[MAY CONTAIN PERSONALLY IDENTIFIABLE INFORMATION], ,Highway / Freeway,Dry,No Unusual Conditions,65, ,Dark - Lighted,Y, , , , , , , ,,Passenger Car,Unknown,Yes,Proceeding Straight,Unknown,Unknown, , , , , ,Y, , ,Y, , ,Proceeding Straight,Yes,Unknown,Unknown,11, , , , ,Y, , , , , , , ,Y, ,Y, ,Y, , , ,Unknown,,Y,Unknown,,Y,,Y,,Y,"[REDACTED, MAY CONTAIN CONFIDENTIAL BUSINESS INFORMATION]",Y,"[REDACTED, MAY CONTAIN CONFIDENTIAL BUSINESS INFORMATION]",Y
13781-2277,2,"Tesla, Inc.",10-Day Update,,,Feb-22,5YJYGDEE3LF, ,N/A,Tesla,Model Y, ,2020, ,d7dfbc2648c0b27,29117, ,Consumer,"[REDACTED, MAY CONTAIN CONFIDENTIAL BUSINESS INFORMATION]", ,Y,No,ADAS,, , ,Y, , , , , ,,Feb-22, ,Feb-22,7:05, ,9b29da6c899b747,[MAY CONTAIN PERSONALLY IDENTIFIABLE INFORMATION], ,[MAY CONTAIN PERSONALLY IDENTIFIABLE INFORMATION], ,[MAY CONTAIN PERSONALLY IDENTIFIABLE INFORMATION], ,Belton, ,MO ,[MAY CONTAIN PERSONALLY IDENTIFIABLE INFORMATION], ,Street,Snow / Slush / Ice,No Unusual Conditions,40, ,Dark - Lighted, ,Y, , , , , , ,,Other Fixed Object,Unknown,Yes,,,, , , , , , , , , , , ,Unknown,Yes,Unknown,Unknown,18, , , , , , ,Y, , , , , ,Y, ,Y, ,Y, , , ,Unknown,,Y,Unknown,,Y,,Y,,Y,"[REDACTED, MAY CONTAIN CONFIDENTIAL BUSINESS INFORMATION]",Y,"[REDACTED, MAY CONTAIN CONFIDENTIAL BUSINESS INFORMATION]",Y
13781-2276,2,"Tesla, Inc.",10-Day Update,,,Feb-22,5YJXCAE27KF, ,N/A,Tesla,Model X, ,2019, ,1d10c58a9f54e55,92856, ,Consumer,"[REDACTED, MAY CONTAIN CONFIDENTIAL BUSINESS INFORMATION]", ,Y,No,ADAS,, , ,Y, , , , , ,,Feb-22, ,Feb-22,23:39, ,a68e8744967c54a,[MAY CONTAIN PERSONALLY IDENTIFIABLE INFORMATION], ,[MAY CONTAIN PERSONALLY IDENTIFIABLE INFORMATION], ,[MAY CONTAIN PERSONALLY IDENTIFIABLE INFORMATION], ,Calhoun, ,GA ,[MAY CONTAIN PERSONALLY IDENTIFIABLE INFORMATION], ,Intersection,Dry,No Unusual Conditions,45, ,Dawn / Dusk, , , , , , ,Y, ,,SUV,Unknown,Yes,Making Left Turn,Unknown,Unknown, , , , , , , , ,Y, , ,Proceeding Straight,Yes,Unknown,Unknown,46, , , , , , ,Y, , , , , ,Y, ,Y, ,Y, , , ,Unknown,,Y,Unknown,,Y,,Y,,Y,"[REDACTED, MAY CONTAIN CONFIDENTIAL BUSINESS INFORMATION]",Y,"[REDACTED, MAY CONTAIN CONFIDENTIAL BUSINESS INFORMATION]",Y
1042-2343,1,"Porsche Cars North America, Inc.",1-Day,,,Feb-22,WP0BA2Y12MS, ,N/A,Porsche,Taycan 4 Cross Turismo, ,2021, ,d04eb2cbab51798,3731, ,Consumer,,Y, ,Yes,ADAS,, ,Y, , , , , , ,,Feb-22, ,Feb-22,,Y,e5ba340558470c4,,Y,,Y,,Y,,Y,UNK,,Y,Unknown,Unknown,Traffic Incident,,Y,Unknown, , , , , , ,Y, ,,Unknown,Unknown,Unknown,Stopped,Unknown,Unknown, , , , , , , , , , ,Y,Proceeding Straight,Unknown,Unknown,Unknown,40, , , , , , , , , , , ,Y, , , , , , , ,Y,Unknown,,Y,Unknown,,Y,,Y,,Y,"Unknown, see Narrative", ,Subject vehicle was traveling at 40mph and another vehicle stopped in front of the subject vehicle in the path of the subject vehicle. Customer states that the subject vehicle did not stop as it should have., 
13781-2341,1,"Tesla, Inc.",1-Day,,,Feb-22,5YJ3E1EB7KF, ,N/A,Tesla,Model 3, ,2019, ,b6246e857635f8a,30477, ,Consumer,"[REDACTED, MAY CONTAIN CONFIDENTIAL BUSINESS INFORMATION]", ,Y,No,ADAS,, , ,Y, , , , , ,,Feb-22, ,Feb-22,14:08, ,dad1f5a24a58be6,[MAY CONTAIN PERSONALLY IDENTIFIABLE INFORMATION], ,[MAY CONTAIN PERSONALLY IDENTIFIABLE INFORMATION], ,[MAY CONTAIN PERSONALLY IDENTIFIABLE INFORMATION], ,Great Falls, ,VA ,[MAY CONTAIN PERSONALLY IDENTIFIABLE INFORMATION], ,Rural Road,Unknown,Unknown,,Y,Unknown, , , , , , ,Y, ,,Unknown,Unknown,Yes,Unknown,Unknown,Unknown, , , , , , , , , , ,Y,Unknown,Yes,Unknown,Unknown,,Y, , , , , , , , , , ,Y,Y, , , , , , , ,Unknown,,Y,Unknown,,Y,,Y,,Y,"[REDACTED, MAY CONTAIN CONFIDENTIAL BUSINESS INFORMATION]",Y,"[REDACTED, MAY CONTAIN CONFIDENTIAL BUSINESS INFORMATION]",Y
62-2340,1,Honda (American Honda Motor Co.),1-Day,,,Feb-22,2HKRW2H81MH, ,n/a,Honda,CRV, ,2021, ,b0d01e44a55f1a2,,Y,Consumer,,Y, ,No,"Unknown, see Narrative",, ,Y, , , , , , ,,Dec-21, ,Feb-22,,Y,25d6cbff5b7cea7,,Y,,Y,,Y,,Y,PA ,,Y,Intersection,Unknown,Unknown,,Y,Unknown, , , , , , ,Y, ,,Unknown,Unknown,Unknown,Unknown,Unknown,Unknown, , , , , , , , , , ,Y,Making Left Turn,No,Yes,Unknown,,Y, , , , , , , , , , ,Y, , , ,Y, , , , ,No,, ,No,, ,, ,, ,"Unknown, see Narrative", ,Customer was turning left at an intersection and crashed into a vehicle that he did not notice speeding up on his left side. The customer alleges that both the Lane Keep Assist System and Adaptive Cruise Control were engaged., 
62-2339,1,Honda (American Honda Motor Co.),1-Day,,,Feb-22,5J8TC2H52ML, ,n/a,Acura,RDX, ,2021, ,f8284c6df490534,,Y,Consumer,,Y, ,No,"Unknown, see Narrative",, ,Y, , , , , , ,,Feb-22, ,Feb-22,,Y,4ae997237be9382,,Y,,Y,,Y,Bethpage, ,NY ,,Y,Intersection,Unknown,Unknown,,Y,Unknown, , , , , , ,Y, ,,Unknown,No Injuries Reported,Unknown,Unknown,Unknown,Unknown, , , , , , , , , , ,Y,Proceeding Straight,Yes,Yes,Unknown,,Y, , , , , , , , , , ,Y, , , ,Y, , , , ,No,, ,No,, ,, ,, ,"Unknown, see Narrative", ,The customer was driving through an intersection when another vehicle ran a red light. This caused the customer to hit the vehicle next to her. The customer alleges that the Lane Keep Assist System and Adaptive Cruise Control were engaged., 
13781-2334,1,"Tesla, Inc.",1-Day,,,Feb-22,5YJSA1E28FF, ,N/A,Tesla,Model S, ,2015, ,2e8973e44b73557,131753, ,Consumer,"[REDACTED, MAY CONTAIN CONFIDENTIAL BUSINESS INFORMATION]", ,Y,No,ADAS,, , ,Y, , , , , ,,Feb-22, ,Feb-22,19:55, ,274941f9ee93fe8,[MAY CONTAIN PERSONALLY IDENTIFIABLE INFORMATION], ,[MAY CONTAIN PERSONALLY IDENTIFIABLE INFORMATION], ,[MAY CONTAIN PERSONALLY IDENTIFIABLE INFORMATION], ,Clifton, ,NJ ,[MAY CONTAIN PERSONALLY IDENTIFIABLE INFORMATION], ,Highway / Freeway,Unknown,Unknown,,Y,Unknown, , , , , , ,Y, ,,Unknown,Unknown,Yes,Unknown,Unknown,Unknown, , , , , , , , , , ,Y,Unknown,Yes,Unknown,Unknown,,Y, , , , , , , , , , ,Y,Y, , , , , , , ,Unknown,,Y,Unknown,,Y,,Y,,Y,"[REDACTED, MAY CONTAIN CONFIDENTIAL BUSINESS INFORMATION]",Y,"[REDACTED, MAY CONTAIN CONFIDENTIAL BUSINESS INFORMATION]",Y
13781-2324,1,"Tesla, Inc.",1-Day,,,Feb-22,7SAYGAEE7NF, ,N/A,Tesla,Model Y, ,2022, ,416fb63dbdcad91,6630, ,Consumer,"[REDACTED, MAY CONTAIN CONFIDENTIAL BUSINESS INFORMATION]", ,Y,No,"Unknown, see Narrative",, ,Y, , , , , , ,,Feb-22, ,Feb-22,3:02, ,85ba5450941916e,,Y,,Y,[MAY CONTAIN PERSONALLY IDENTIFIABLE INFORMATION], ,Emporia, ,VA ,[MAY CONTAIN PERSONALLY IDENTIFIABLE INFORMATION], ,Highway / Freeway,Unknown,Unknown,,Y,Unknown, , , , , , ,Y, ,,Unknown,Unknown,Yes,Unknown,Unknown,Unknown, , , , , , , , , , ,Y,Unknown,Yes,Unknown,Unknown,,Y, , , , , , , , , , ,Y, , , ,Y, , , , ,Unknown,,Y,Unknown,,Y,,Y,,Y,"[REDACTED, MAY CONTAIN CONFIDENTIAL BUSINESS INFORMATION]",Y,"[REDACTED, MAY CONTAIN CONFIDENTIAL BUSINESS INFORMATION]",Y
1243-1955,3,"Subaru of America, Inc.",Monthly Update,2,2022,Feb-22,JF2SKAXC7LH, ,N/A,Subaru,Forester, ,2020, ,fa5ddda468b3301,25739, ,Consumer,,Y, ,No,ADAS,, ,Y, ,Y, , , , ,,Nov-21, ,Dec-21,8:11, ,df0e18d70ba7e9e,[MAY CONTAIN PERSONALLY IDENTIFIABLE INFORMATION], ,[MAY CONTAIN PERSONALLY IDENTIFIABLE INFORMATION], ,[MAY CONTAIN PERSONALLY IDENTIFIABLE INFORMATION], ,Russell Springs, ,KY ,[MAY CONTAIN PERSONALLY IDENTIFIABLE INFORMATION], ,Highway / Freeway,Dry,No Unusual Conditions,70, ,Dark - Lighted,Y, , , , , , , ,,Animal,No Injuries Reported,Yes,Unknown,,, , , , , , , , , , , ,Proceeding Straight,Yes,Yes,Yes,70, , , ,Y, , ,Y, , ,Y, , , ,Y,Y,Y, ,Y, , ,Unknown,,Y,No,,Y,,Y,,Y,"[REDACTED, MAY CONTAIN CONFIDENTIAL BUSINESS INFORMATION]",Y,"[REDACTED, MAY CONTAIN CONFIDENTIAL BUSINESS INFORMATION]",Y
1243-1945,3,"Subaru of America, Inc.",Monthly Update,2,2022,Feb-22,JF2SKALC0LH, ,N/A,Subaru,Forester, ,2020, ,096beaf83079872,59316, ,Consumer,,Y, ,No,ADAS,, ,Y, , , , , , ,,Dec-21, ,Dec-21,14:00, ,9.31074E+14,,Y,,Y,[MAY CONTAIN PERSONALLY IDENTIFIABLE INFORMATION], ,Greenwood, ,MS ,,Y,Highway / Freeway,Dry,No Unusual Conditions,,Y,Daylight,Y, , , , , , , ,,Animal,No Injuries Reported,No,Unknown,,, , , , , , , , , , , ,Proceeding Straight,No,Yes,Yes,70, , , , , , ,Y, , ,Y, , , , , ,Y, ,Y, , ,Unknown,,Y,No,,Y,,Y,,Y,"[REDACTED, MAY CONTAIN CONFIDENTIAL BUSINESS INFORMATION]",Y,"[REDACTED, MAY CONTAIN CONFIDENTIAL BUSINESS INFORMATION]",Y