Report ID,Report Version,Reporting Entity,Report Type,Report Month,Report Year,Report Submission Date,VIN,VIN - Unknown,Serial Number,Make,Model,Model - Unknown,Model Year,Model Year - Unknown,Same Vehicle ID,Mileage,Mileage - Unknown,Driver / Operator Type,ADAS/ADS Version,ADAS/ADS Version - Unknown,ADAS/ADS Version CBI,ADS Equipped?,Automation System Engaged?,Operating Entity,Operating Entity - Unknown,Source - Complaint/Claim,Source - Telematics,Source - Law Enforcement,Source - Field Report,Source - Testing,Source - Media,Source - Other,Source - Other Text,Incident Date,Incident Date - Unknown,Notice Received Date,Incident Time (24:00),Incident Time - Unknown,Same Incident ID,Latitude,Latitude  - Unknown,Longitude,Longitude - Unknown,Address,Address - Unknown,City,City - Unknown,State,Zip Code,Zip Code - Unknown,Roadway Type,Roadway Surface,Roadway Description,Posted Speed Limit (MPH),Posted Speed Limit - Unknown,Lighting,Weather - Clear,Weather - Snow,Weather - Cloudy,Weather - Fog/Smoke,Weather - Rain,Weather - Severe Wind,Weather - Unknown,Weather - Other,Weather - Other Text,Crash With,Highest Injury Severity,Property Damage?,CP Pre-Crash Movement,CP Any Air Bags Deployed?,CP Was Vehicle Towed?,CP Contact Area - Rear Left,CP Contact Area - Left,CP Contact Area - Front Left,CP Contact Area - Rear,CP Contact Area - Top,CP Contact Area - Front,CP Contact Area - Rear Right,CP Contact Area - Right,CP Contact Area - Front Right,CP Contact Area - Bottom,CP Contact Area - Unknown,SV Pre-Crash Movement,SV Any Air Bags Deployed?,SV Was Vehicle Towed?,SV Were All Passengers Belted?,SV Precrash Speed (MPH),SV Pre-crash Speed - Unknown,SV Contact Area - Rear Left,SV Contact Area - Left,SV Contact Area - Front Left,SV Contact Area - Rear,SV Contact Area - Top,SV Contact Area - Front,SV Contact Area - Rear Right,SV Contact Area - Right,SV Contact Area - Front Right,SV Contact Area - Bottom,SV Contact Area - Unknown,Data Availability - EDR,Data Availability - Police Rpt,Data Availability - Telematics,Data Availability - Complaints,Data Availability - Video,Data Availability - Other,Data Availability - No Data,Data Availability - Unknown,Law Enforcement Investigating?,Investigating Agency,Investigating Agency - Unknown,Rep Ent Or Mfr Investigating?,Investigating Officer Name,Inv. Officer Name - Unknown,Investigating Officer Phone,Inv. Officer Phone - Unknown,Investigating Officer Email,Inv. Officer Email - Unknown,Within ODD?,Within ODD? - CBI,Narrative,Narrative - CBI?
13781-1356,2,"Tesla, Inc.",10-Day Update,,,Oct-21,5YJSA1H20FF, ,N/A,Tesla,Model S, ,2015, ,5efd909a49ab2d5,63152, ,Consumer,"[REDACTED, MAY CONTAIN CONFIDENTIAL BUSINESS INFORMATION]", ,Y,No,ADAS,, , ,Y, , , , , ,,Sep-21, ,Sep-21,13:43, ,86316df360cd024,[MAY CONTAIN PERSONALLY IDENTIFIABLE INFORMATION], ,[MAY CONTAIN PERSONALLY IDENTIFIABLE INFORMATION], ,[MAY CONTAIN PERSONALLY IDENTIFIABLE INFORMATION], ,Lincoln, ,NE ,[MAY CONTAIN PERSONALLY IDENTIFIABLE INFORMATION], ,Unknown,Unknown,Unknown,,Y,Unknown, , , , , , ,Y, ,,Unknown,Unknown,Unknown,Unknown,Unknown,Unknown, , , , , , , , , , ,Y,Unknown,Yes,Unknown,Unknown,,Y, , , , , , , , , , ,Y,Y, , , , , , , ,Unknown,,Y,Unknown,,Y,,Y,,Y,"[REDACTED, MAY CONTAIN CONFIDENTIAL BUSINESS INFORMATION]",Y,"[REDACTED, MAY CONTAIN CONFIDENTIAL BUSINESS INFORMATION]",Y
13781-1353,2,"Tesla, Inc.",10-Day Update,,,Oct-21,5YJYGAEE6MF, ,N/A,Tesla,Model Y, ,2021, ,46d2197d904307b,19043, ,Consumer,"[REDACTED, MAY CONTAIN CONFIDENTIAL BUSINESS INFORMATION]", ,Y,No,ADAS,, , ,Y, , , , , ,,Sep-21, ,Sep-21,19:43, ,aadd6f9f76f5998,[MAY CONTAIN PERSONALLY IDENTIFIABLE INFORMATION], ,[MAY CONTAIN PERSONALLY IDENTIFIABLE INFORMATION], ,[MAY CONTAIN PERSONALLY IDENTIFIABLE INFORMATION], ,Phoenix, ,AZ ,[MAY CONTAIN PERSONALLY IDENTIFIABLE INFORMATION], ,Highway / Freeway,Wet,No Unusual Conditions,65, ,Daylight, , ,Y, ,Y, , , ,,Other Fixed Object,Unknown,Unknown,,,, , , , , , , , , , , ,Lane / Road Departure,Yes,Unknown,Unknown,75, , , ,Y, , , , , , , , ,Y, ,Y, ,Y, , , ,Unknown,,Y,Unknown,,Y,,Y,,Y,"[REDACTED, MAY CONTAIN CONFIDENTIAL BUSINESS INFORMATION]",Y,"[REDACTED, MAY CONTAIN CONFIDENTIAL BUSINESS INFORMATION]",Y
62-1358,1,Honda (American Honda Motor Co.),1-Day,,,Sep-21,1HGCV3F98MA, ,N/A,Honda,Accord, ,2021, ,4b7292da3b2d49a,,Y,Consumer,,Y, ,No,ADAS,, ,Y, , , , , , ,,Aug-21, ,Sep-21,,Y,97e12f41820e555,,Y,,Y,,Y,Chesterfield, ,NJ ,,Y,Street,Unknown,Unknown,,Y,Unknown, , , , , , ,Y, ,,Pole / Tree,No Injuries Reported,Unknown,,,, , , , , , , , , , , ,"Other, see Narrative",No,Yes,Unknown,40, , , , , , , , , , , ,Y, , , , , , , ,Y,No,, ,No,, ,, ,, ,Unknown, ,"Customer was driving at 40 miles per hour and swerved to avoid hitting a deer. As a result, the customer hit a tree. Customer alleges that while the Lane Keep Assist (LKAS) and the Adaptive Cruise Control (ACC) were engaged, and the Collision Mitigation Braking System did not engage.", 
13781-1356,1,"Tesla, Inc.",1-Day,,,Sep-21,5YJSA1H20FF, ,N/A,Tesla,Model S, ,2015, ,5efd909a49ab2d5,63152, ,Consumer,"[REDACTED, MAY CONTAIN CONFIDENTIAL BUSINESS INFORMATION]", ,Y,No,ADAS,, , ,Y, , , , , ,,Sep-21, ,Sep-21,13:43, ,86316df360cd024,[MAY CONTAIN PERSONALLY IDENTIFIABLE INFORMATION], ,[MAY CONTAIN PERSONALLY IDENTIFIABLE INFORMATION], ,[MAY CONTAIN PERSONALLY IDENTIFIABLE INFORMATION], ,Lincoln, ,NE ,[MAY CONTAIN PERSONALLY IDENTIFIABLE INFORMATION], ,Unknown,Unknown,Unknown,,Y,Unknown, , , , , , ,Y, ,,Unknown,Unknown,Unknown,Unknown,Unknown,Unknown, , , , , , , , , , ,Y,Unknown,Yes,Unknown,Unknown,,Y, , , , , , , , , , ,Y,Y, , , , , , , ,Unknown,,Y,Unknown,,Y,,Y,,Y,"[REDACTED, MAY CONTAIN CONFIDENTIAL BUSINESS INFORMATION]",Y,"[REDACTED, MAY CONTAIN CONFIDENTIAL BUSINESS INFORMATION]",Y
13781-1353,1,"Tesla, Inc.",1-Day,,,Sep-21,5YJYGAEE6MF, ,N/A,Tesla,Model Y, ,2021, ,46d2197d904307b,19043, ,Consumer,"[REDACTED, MAY CONTAIN CONFIDENTIAL BUSINESS INFORMATION]", ,Y,No,ADAS,, , ,Y, , , , , ,,Sep-21, ,Sep-21,19:43, ,aadd6f9f76f5998,[MAY CONTAIN PERSONALLY IDENTIFIABLE INFORMATION], ,[MAY CONTAIN PERSONALLY IDENTIFIABLE INFORMATION], ,[MAY CONTAIN PERSONALLY IDENTIFIABLE INFORMATION], ,Phoenix, ,AZ ,[MAY CONTAIN PERSONALLY IDENTIFIABLE INFORMATION], ,Unknown,Unknown,Unknown,,Y,Unknown, , , , , , ,Y, ,,Unknown,Unknown,Unknown,Unknown,Unknown,Unknown, , , , , , , , , , ,Y,Unknown,Yes,Unknown,Unknown,,Y, , , , , , , , , , ,Y,Y, , , , , , , ,Unknown,,Y,Unknown,,Y,,Y,,Y,"[REDACTED, MAY CONTAIN CONFIDENTIAL BUSINESS INFORMATION]",Y,"[REDACTED, MAY CONTAIN CONFIDENTIAL BUSINESS INFORMATION]",Y
669-1350,1,Hyundai Motor America,1-Day,,,Sep-21,KM8R5DHEXMU, ,N/A,HYUNDAI,PALISADE, ,2021, ,920c6567f5d9516,,Y,Consumer,Highway Drive Assist, , ,No,ADAS,, ,Y, , , , , , ,,Jul-21, ,Sep-21,,Y,edaa26f10eca5bc,[MAY CONTAIN PERSONALLY IDENTIFIABLE INFORMATION], ,[MAY CONTAIN PERSONALLY IDENTIFIABLE INFORMATION], ,[MAY CONTAIN PERSONALLY IDENTIFIABLE INFORMATION], ,,Y,TX ,,Y,Highway / Freeway,Unknown,No Unusual Conditions,,Y,Unknown, , , , , , ,Y, ,,SUV,Unknown,Unknown,Lane / Road Departure,Yes,Yes, ,Y,Y,Y,Y,Y, ,Y,Y, , ,Lane / Road Departure,Yes,Yes,Unknown,,Y, ,Y,Y,Y,Y,Y, ,Y,Y, , , , , , , , , ,Y,Unknown,,Y,Yes,,Y,,Y,,Y,Unknown, ,"According to the customer's email, the vehicle was being driven on a two-lane highway at an unspecified speed. The customer did indicate the Highway Drive Assist mode was on.  The customer alleges that that the vehicle left the lane of travel when driving a steep curved road, initiating a crash.  Hyundai notes that the ODD of the Highway Drive Assist system is limited by certain environmental factors, such as weather and curvatures in the path of travel, requiring the driver to remain engaged at all times while operating the vehicle.  Hyundai is attempting to gather additional details on the incident for a possible vehicle inspection.", 
13781-1339,2,"Tesla, Inc.",10-Day Update,,,Sep-21,5YJ3E1EB0LF, ,N/A,Tesla,Model 3, ,2020, ,be8d47133e4921c,4176, ,Consumer,"[REDACTED, MAY CONTAIN CONFIDENTIAL BUSINESS INFORMATION]", ,Y,No,ADAS,, , ,Y, , , , , ,,Sep-21, ,Sep-21,19:05, ,8842250c4d0065b,[MAY CONTAIN PERSONALLY IDENTIFIABLE INFORMATION], ,[MAY CONTAIN PERSONALLY IDENTIFIABLE INFORMATION], ,[MAY CONTAIN PERSONALLY IDENTIFIABLE INFORMATION], ,Louisville, ,KY ,[MAY CONTAIN PERSONALLY IDENTIFIABLE INFORMATION], ,Street,Dry,No Unusual Conditions,50, ,Daylight, , ,Y, , , , , ,,Unknown,Unknown,Unknown,Unknown,Unknown,Unknown, , , , , , , , , , ,Y,Unknown,Yes,Unknown,Unknown,,Y, , , , , , , , , , ,Y,Y, ,Y, ,Y, , , ,Unknown,,Y,Unknown,,Y,,Y,,Y,"[REDACTED, MAY CONTAIN CONFIDENTIAL BUSINESS INFORMATION]",Y,"[REDACTED, MAY CONTAIN CONFIDENTIAL BUSINESS INFORMATION]",Y
13781-1333,2,"Tesla, Inc.",10-Day Update,,,Sep-21,5YJ3E1EB2MF, ,N/A,Tesla,Model 3, ,2021, ,1118a2f29657374,6340, ,Consumer,"[REDACTED, MAY CONTAIN CONFIDENTIAL BUSINESS INFORMATION]", ,Y,No,ADAS,, , ,Y, , , , , ,,Sep-21, ,Sep-21,3:48, ,ab9480a91e8fa02,[MAY CONTAIN PERSONALLY IDENTIFIABLE INFORMATION], ,[MAY CONTAIN PERSONALLY IDENTIFIABLE INFORMATION], ,[MAY CONTAIN PERSONALLY IDENTIFIABLE INFORMATION], ,Miami, ,FL ,[MAY CONTAIN PERSONALLY IDENTIFIABLE INFORMATION], ,Street,Dry,No Unusual Conditions,15, ,Dark - Lighted,Y, , , , , , , ,,Passenger Car,Unknown,Unknown,Stopped,Unknown,Unknown, , , ,Y, , , , , , , ,Changing Lanes,Yes,Unknown,Unknown,19, , , , , , ,Y, , , , , ,Y, ,Y, ,Y, , , ,Unknown,,Y,Unknown,,Y,,Y,,Y,"[REDACTED, MAY CONTAIN CONFIDENTIAL BUSINESS INFORMATION]",Y,"[REDACTED, MAY CONTAIN CONFIDENTIAL BUSINESS INFORMATION]",Y
13781-1332,2,"Tesla, Inc.",10-Day Update,,,Sep-21,5YJ3E1EA0KF, ,N/A,Tesla,Model 3, ,2019, ,9ab2668a51ac193,53359, ,Consumer,"[REDACTED, MAY CONTAIN CONFIDENTIAL BUSINESS INFORMATION]", ,Y,No,ADAS,, , ,Y, , , , , ,,Sep-21, ,Sep-21,1:48, ,474217594eaebc7,[MAY CONTAIN PERSONALLY IDENTIFIABLE INFORMATION], ,[MAY CONTAIN PERSONALLY IDENTIFIABLE INFORMATION], ,[MAY CONTAIN PERSONALLY IDENTIFIABLE INFORMATION], ,Alafaya, ,FL ,[MAY CONTAIN PERSONALLY IDENTIFIABLE INFORMATION], ,Highway / Freeway,Dry,No Unusual Conditions,70, ,Dark - Lighted,Y, , , , , , , ,,SUV,Unknown,Unknown,Lane / Road Departure,Unknown,Unknown, , , , , , , , ,Y, , ,Proceeding Straight,Yes,Unknown,Unknown,72, ,Y, , , , , , , , , , ,Y, ,Y, ,Y, , , ,Unknown,,Y,Unknown,,Y,,Y,,Y,"[REDACTED, MAY CONTAIN CONFIDENTIAL BUSINESS INFORMATION]",Y,"[REDACTED, MAY CONTAIN CONFIDENTIAL BUSINESS INFORMATION]",Y
13781-1345,1,"Tesla, Inc.",1-Day,,,Sep-21,5YJYGDEE2MF, ,N/A,Tesla,Model Y, ,2021, ,ffc635e9f915c7c,987, ,Consumer,"[REDACTED, MAY CONTAIN CONFIDENTIAL BUSINESS INFORMATION]", ,Y,No,ADAS,, ,Y, , , , , , ,,Sep-21, ,Sep-21,20:49, ,f3409635e47bcff,[MAY CONTAIN PERSONALLY IDENTIFIABLE INFORMATION], ,[MAY CONTAIN PERSONALLY IDENTIFIABLE INFORMATION], ,[MAY CONTAIN PERSONALLY IDENTIFIABLE INFORMATION], ,Bee Cave, ,TX ,[MAY CONTAIN PERSONALLY IDENTIFIABLE INFORMATION], ,Unknown,Unknown,Unknown,,Y,Unknown, , , , , , ,Y, ,,Unknown,Unknown,Unknown,Unknown,Unknown,Unknown, , , , , , , , , , ,Y,Unknown,Yes,Unknown,Unknown,,Y, , , , , , , , , , ,Y,Y, , , , , , , ,Unknown,,Y,Unknown,,Y,,Y,,Y,"[REDACTED, MAY CONTAIN CONFIDENTIAL BUSINESS INFORMATION]",Y,"[REDACTED, MAY CONTAIN CONFIDENTIAL BUSINESS INFORMATION]",Y
13781-1344,1,"Tesla, Inc.",1-Day,,,Sep-21,5YJXCAE46GF, ,N/A,Tesla,Model X, ,2016, ,8cfb41952db71a7,107245, ,Consumer,"[REDACTED, MAY CONTAIN CONFIDENTIAL BUSINESS INFORMATION]", ,Y,No,ADAS,, , ,Y, , , , , ,,Sep-21, ,Sep-21,22:33, ,21573413cf30bb6,[MAY CONTAIN PERSONALLY IDENTIFIABLE INFORMATION], ,[MAY CONTAIN PERSONALLY IDENTIFIABLE INFORMATION], ,[MAY CONTAIN PERSONALLY IDENTIFIABLE INFORMATION], ,Tooele, ,UT ,[MAY CONTAIN PERSONALLY IDENTIFIABLE INFORMATION], ,Highway / Freeway,Dry,No Unusual Conditions,60, ,Daylight, , ,Y, , , , , ,,Unknown,Unknown,Unknown,Unknown,Unknown,Unknown, , , , , , , , , , ,Y,Unknown,Yes,Unknown,Unknown,,Y, , , , , , , , , , ,Y,Y, ,Y, ,Y, , , ,Unknown,,Y,Unknown,,Y,,Y,,Y,"[REDACTED, MAY CONTAIN CONFIDENTIAL BUSINESS INFORMATION]",Y,"[REDACTED, MAY CONTAIN CONFIDENTIAL BUSINESS INFORMATION]",Y
13781-1343,1,"Tesla, Inc.",1-Day,,,Sep-21,5YJYGDEE9MF, ,N/A,Tesla,Model Y, ,2021, ,baa23c293ce6cac,15310, ,Consumer,"[REDACTED, MAY CONTAIN CONFIDENTIAL BUSINESS INFORMATION]", ,Y,No,ADAS,, , ,Y, , , , , ,,Sep-21, ,Sep-21,19:06, ,bcc71773aedf22a,[MAY CONTAIN PERSONALLY IDENTIFIABLE INFORMATION], ,[MAY CONTAIN PERSONALLY IDENTIFIABLE INFORMATION], ,[MAY CONTAIN PERSONALLY IDENTIFIABLE INFORMATION], ,Manassas, ,VA ,[MAY CONTAIN PERSONALLY IDENTIFIABLE INFORMATION], ,Unknown,Unknown,Unknown,,Y,Unknown, , , , , , ,Y, ,,Unknown,Unknown,Unknown,Unknown,Unknown,Unknown, , , , , , , , , , ,Y,Unknown,Yes,Unknown,Unknown,,Y, , , , , , , , , , ,Y,Y, , , , , , , ,Unknown,,Y,Unknown,,Y,,Y,,Y,"[REDACTED, MAY CONTAIN CONFIDENTIAL BUSINESS INFORMATION]",Y,"[REDACTED, MAY CONTAIN CONFIDENTIAL BUSINESS INFORMATION]",Y
855-1341,1,"Mercedes-Benz USA, LLC",1-Day,,,Sep-21,W1K6G7GB3MA, ,N/A,Mercedes-Benz,S580 4Matic, ,2021, ,96539e67fd1b15d,,Y,Consumer,Distronic with Active Steering Assist, , ,No,"Unknown, see Narrative",, ,Y, , , , , , ,,,Y,Sep-21,,Y, ,,Y,,Y,,Y,,Y,TX ,,Y,Unknown,Unknown,Unknown,,Y,Unknown, , , , , , ,Y, ,,Unknown,Unknown,Unknown,Unknown,Unknown,Unknown, , , , , , , , , , ,Y,Unknown,Unknown,Yes,Unknown,,Y, , , , , , , , , , ,Y, , , , , , , ,Y,Unknown,,Y,Yes,,Y,,Y,,Y,Unknown, ,"Customer contacted the MBUSA Customer Assistance Center requesting MBUSA to investigate and inspect the Drivers Assistance feature and airbag system on the subject vehicle. The customer stated the vehicle was in an accident while Cruise Control was engaged.  The customer alleges the vehicle sped up to 82 MPH without input by the driver. The customer alleges the crash involved a head on collision and the airbag did not deploy.  The vehicle was purchased as a new vehicle from an authorized Mercedes-Benz dealer on August [XXX], 2021. Note this is based entirely on the customer's report and allegations, and MBUSA has not confirmed any of this information. In an abundance of caution, MBUSA is reporting this allegation, although we do not have sufficient info to conclusively determine whether this is a reportable incident under the SGO.", 
1243-1246,2,"Subaru of America, Inc.",10-Day Update,,,Sep-21,JF2GTAEC7MH, ,N/A,Subaru,Crosstrek, ,2021, ,2301733b0fd9e3f,800, ,Consumer,,Y, ,No,ADAS,, ,Y, ,Y, , , , ,,Sep-21, ,Sep-21,16:18, ,e537827d2d65439,,Y,,Y,[MAY CONTAIN PERSONALLY IDENTIFIABLE INFORMATION], ,Missouri Valley, ,IA ,[MAY CONTAIN PERSONALLY IDENTIFIABLE INFORMATION], ,Highway / Freeway,Dry,"Other, see Narrative",70, ,Daylight,Y, , , , , , , ,,Other Fixed Object,No Injuries Reported,Yes,,,, , , , , , , , , , , ,Proceeding Straight,No,Yes,Yes,80, ,Y,Y,Y, , , , , , , , , ,Y, ,Y,Y,Y, , ,Unknown,,Y,Yes,,Y,,Y,,Y,"[REDACTED, MAY CONTAIN CONFIDENTIAL BUSINESS INFORMATION]",Y,"[REDACTED, MAY CONTAIN CONFIDENTIAL BUSINESS INFORMATION]",Y
13781-1339,1,"Tesla, Inc.",1-Day,,,Sep-21,5YJ3E1EB0LF, ,N/A,Tesla,Model 3, ,2020, ,be8d47133e4921c,4176, ,Consumer,"[REDACTED, MAY CONTAIN CONFIDENTIAL BUSINESS INFORMATION]", ,Y,No,ADAS,, , ,Y, , , , , ,,Sep-21, ,Sep-21,19:05, ,8842250c4d0065b,[MAY CONTAIN PERSONALLY IDENTIFIABLE INFORMATION], ,[MAY CONTAIN PERSONALLY IDENTIFIABLE INFORMATION], ,[MAY CONTAIN PERSONALLY IDENTIFIABLE INFORMATION], ,Louisville, ,KY ,[MAY CONTAIN PERSONALLY IDENTIFIABLE INFORMATION], ,Unknown,Unknown,Unknown,,Y,Unknown, , , , , , ,Y, ,,Unknown,Unknown,Unknown,Unknown,Unknown,Unknown, , , , , , , , , , ,Y,Unknown,Yes,Unknown,Unknown,,Y, , , , , , , , , , ,Y,Y, , , , , , , ,Unknown,,Y,Unknown,,Y,,Y,,Y,"[REDACTED, MAY CONTAIN CONFIDENTIAL BUSINESS INFORMATION]",Y,"[REDACTED, MAY CONTAIN CONFIDENTIAL BUSINESS INFORMATION]",Y
13781-1333,1,"Tesla, Inc.",1-Day,,,Sep-21,5YJ3E1EB2MF, ,N/A,Tesla,Model 3, ,2021, ,1118a2f29657374,6340, ,Consumer,"[REDACTED, MAY CONTAIN CONFIDENTIAL BUSINESS INFORMATION]", ,Y,No,ADAS,, , ,Y, , , , , ,,Sep-21, ,Sep-21,3:48, ,ab9480a91e8fa02,[MAY CONTAIN PERSONALLY IDENTIFIABLE INFORMATION], ,[MAY CONTAIN PERSONALLY IDENTIFIABLE INFORMATION], ,[MAY CONTAIN PERSONALLY IDENTIFIABLE INFORMATION], ,Miami, ,FL ,[MAY CONTAIN PERSONALLY IDENTIFIABLE INFORMATION], ,Unknown,Unknown,Unknown,,Y,Unknown, , , , , , ,Y, ,,Unknown,Unknown,Unknown,Unknown,Unknown,Unknown, , , , , , , , , , ,Y,Unknown,Yes,Unknown,Unknown,,Y, , , , , , , , , , ,Y,Y, , , , , , , ,Unknown,,Y,Unknown,,Y,,Y,,Y,"[REDACTED, MAY CONTAIN CONFIDENTIAL BUSINESS INFORMATION]",Y,"[REDACTED, MAY CONTAIN CONFIDENTIAL BUSINESS INFORMATION]",Y
13781-1332,1,"Tesla, Inc.",1-Day,,,Sep-21,5YJ3E1EA0KF, ,N/A,Tesla,Model 3, ,2019, ,9ab2668a51ac193,53359, ,Consumer,"[REDACTED, MAY CONTAIN CONFIDENTIAL BUSINESS INFORMATION]", ,Y,No,ADAS,, , ,Y, , , , , ,,Sep-21, ,Sep-21,1:48, ,474217594eaebc7,[MAY CONTAIN PERSONALLY IDENTIFIABLE INFORMATION], ,[MAY CONTAIN PERSONALLY IDENTIFIABLE INFORMATION], ,[MAY CONTAIN PERSONALLY IDENTIFIABLE INFORMATION], ,Alafaya, ,FL ,[MAY CONTAIN PERSONALLY IDENTIFIABLE INFORMATION], ,Unknown,Unknown,Unknown,,Y,Unknown, , , , , , ,Y, ,,Unknown,Unknown,Unknown,Unknown,Unknown,Unknown, , , , , , , , , , ,Y,Unknown,Yes,Unknown,Unknown,,Y, , , , , , , , , , ,Y,Y, , , , , , , ,Unknown,,Y,Unknown,,Y,,Y,,Y,"[REDACTED, MAY CONTAIN CONFIDENTIAL BUSINESS INFORMATION]",Y,"[REDACTED, MAY CONTAIN CONFIDENTIAL BUSINESS INFORMATION]",Y
62-1330,1,Honda (American Honda Motor Co.),1-Day,,,Sep-21,5FNYF6H99MB, ,N/A,Honda,Pilot, ,2021, ,3a2b28dc76b72f6,,Y,Consumer,,Y, ,No,ADAS,, ,Y, , , , , , ,,Sep-21, ,Sep-21,,Y,4b3580e69183053,,Y,,Y,,Y,Westchester, ,NY ,,Y,Unknown,Unknown,Unknown,,Y,Unknown, , , , , , ,Y, ,,Unknown,Unknown,Unknown,Unknown,Unknown,Unknown, , , , , , , , , , ,Y,Unknown,Yes,Yes,Unknown,,Y, , , ,Y, , , , , , , , , , , , , , ,Y,No,, ,No,, ,, ,, ,Unknown, ,Customer was rear-ended by another vehicle., 
1243-1208,2,"Subaru of America, Inc.",10-Day Update,,,Sep-21,4S4BTAAC4L3, ,N/A,Subaru,Outback, ,2020, ,bc4ad9b7b151e45,7000, ,Consumer,,Y, ,No,ADAS,, ,Y, , , , , , ,,Aug-21, ,Sep-21,9:10, ,20dec0e229a6059,,Y,,Y,[MAY CONTAIN PERSONALLY IDENTIFIABLE INFORMATION], ,,Y,ID ,,Y,Highway / Freeway,Dry,No Unusual Conditions,80, ,Daylight,Y, , , , , , , ,,Other Fixed Object,Minor,Yes,,,, , , , , , , , , , , ,Proceeding Straight,Yes,Yes,Yes,80, , ,Y,Y, , ,Y, , ,Y, , , , , ,Y, , , , ,Unknown,,Y,Unknown,,Y,,Y,,Y,Unknown, ,"[REDACTED, MAY CONTAIN CONFIDENTIAL BUSINESS INFORMATION]",Y
13781-1254,2,"Tesla, Inc.",10-Day Update,,,Sep-21,5YJYGDEFXLF, ,N/A,Tesla,Model Y, ,2020, ,44f56c8adcd85fd,13982, ,Consumer,"[REDACTED, MAY CONTAIN CONFIDENTIAL BUSINESS INFORMATION]", ,Y,No,ADAS,, , ,Y, , , , , ,,Sep-21, ,Sep-21,18:32, ,0d5765a015471d4,[MAY CONTAIN PERSONALLY IDENTIFIABLE INFORMATION], ,[MAY CONTAIN PERSONALLY IDENTIFIABLE INFORMATION], ,[MAY CONTAIN PERSONALLY IDENTIFIABLE INFORMATION], ,Houston, ,TX ,[MAY CONTAIN PERSONALLY IDENTIFIABLE INFORMATION], ,Highway / Freeway,Wet,No Unusual Conditions,60, ,Daylight, , , , ,Y, , , ,,Other Fixed Object,Unknown,Unknown,,,, , , , , , , , , , , ,Proceeding Straight,Yes,Unknown,Yes,64, , , , , , , ,Y, , , , ,Y, ,Y, ,Y, , , ,Unknown,,Y,Unknown,,Y,,Y,,Y,"[REDACTED, MAY CONTAIN CONFIDENTIAL BUSINESS INFORMATION]",Y,"[REDACTED, MAY CONTAIN CONFIDENTIAL BUSINESS INFORMATION]",Y
13781-1245,2,"Tesla, Inc.",10-Day Update,,,Sep-21,5YJYGDEE7MF, ,N/A,Tesla,Model Y, ,2021, ,60bcba7f3b1bdf8,17853, ,Consumer,"[REDACTED, MAY CONTAIN CONFIDENTIAL BUSINESS INFORMATION]", ,Y,No,ADAS,, , ,Y, , , , , ,,Sep-21, ,Sep-21,21:54, ,eafe4773700b0b5,[MAY CONTAIN PERSONALLY IDENTIFIABLE INFORMATION], ,[MAY CONTAIN PERSONALLY IDENTIFIABLE INFORMATION], ,[MAY CONTAIN PERSONALLY IDENTIFIABLE INFORMATION], ,Beaumont, ,TX ,[MAY CONTAIN PERSONALLY IDENTIFIABLE INFORMATION], ,Highway / Freeway,Wet,No Unusual Conditions,65, ,Daylight, , , , ,Y, , , ,,Unknown,Unknown,Unknown,Unknown,Unknown,Unknown, , , , , , , , , , ,Y,Unknown,Yes,Unknown,Unknown,,Y, , , , , , , , , , ,Y,Y, ,Y, ,Y, , , ,Unknown,,Y,Unknown,,Y,,Y,,Y,"[REDACTED, MAY CONTAIN CONFIDENTIAL BUSINESS INFORMATION]",Y,"[REDACTED, MAY CONTAIN CONFIDENTIAL BUSINESS INFORMATION]",Y
62-1320,1,Honda (American Honda Motor Co.),1-Day,,,Sep-21,1HGCR2F7XFA, ,N/A,Honda,Accord, ,2015, ,7027e716a33c120,,Y,Consumer,,Y, ,No,ADAS,, ,Y, , , , , , ,,Aug-21, ,Sep-21,,Y,64b76dbc7f3d592,,Y,,Y,,Y,Albany, ,NY ,,Y,Intersection,Unknown,Unknown,,Y,Unknown, , , , , , ,Y, ,,Unknown,Unknown,Unknown,Proceeding Straight,Unknown,Unknown, , , , , ,Y, , , , , ,Stopped,No,Yes,Unknown,0, , , , ,Y, , , , , , , , , , ,Y, , , , ,Unknown,,Y,No,,Y,,Y,,Y,Unknown, ,The customer was stopped at a red light when another vehicle rear-ended the customer at full speed., 
1243-38,4,"Subaru of America, Inc.",Monthly Update,9,2021,Sep-21,JF2SKAXCXLH, ,N/A,Subaru,Forester, ,2020, ,349de075c8d5471,34611, ,Consumer,,Y, ,No,ADAS,, ,Y,Y,Y, , , , ,,Jul-21, ,Aug-21,4:55, ,0d300a426ad3ee5,,Y,,Y,[MAY CONTAIN PERSONALLY IDENTIFIABLE INFORMATION], ,Chazy, ,NY ,[MAY CONTAIN PERSONALLY IDENTIFIABLE INFORMATION], ,Highway / Freeway,Dry,No Unusual Conditions,65, ,Dark - Not Lighted, , , , , , ,Y, ,,Animal,Minor,Yes,"Other, see Narrative",,, , , , , , , , , , , ,Proceeding Straight,No,Yes,Yes,65, , , ,Y, , ,Y, , , , , , ,Y,Y,Y, , , , ,Unknown,,Y,No,,Y,,Y,,Y,"[REDACTED, MAY CONTAIN CONFIDENTIAL BUSINESS INFORMATION]",Y,"[REDACTED, MAY CONTAIN CONFIDENTIAL BUSINESS INFORMATION]",Y
13781-1254,1,"Tesla, Inc.",1-Day,,,Sep-21,5YJYGDEFXLF, ,N/A,Tesla,Model Y, ,2020, ,44f56c8adcd85fd,13982, ,Consumer,"[REDACTED, MAY CONTAIN CONFIDENTIAL BUSINESS INFORMATION]", ,Y,No,ADAS,, , ,Y, , , , , ,,Sep-21, ,Sep-21,18:32, ,0d5765a015471d4,[MAY CONTAIN PERSONALLY IDENTIFIABLE INFORMATION], ,[MAY CONTAIN PERSONALLY IDENTIFIABLE INFORMATION], ,[MAY CONTAIN PERSONALLY IDENTIFIABLE INFORMATION], ,Houston, ,TX ,[MAY CONTAIN PERSONALLY IDENTIFIABLE INFORMATION], ,Unknown,Unknown,Unknown,,Y,Unknown, , , , , , ,Y, ,,Unknown,Unknown,Unknown,Unknown,Unknown,Unknown, , , , , , , , , , ,Y,Unknown,Yes,Unknown,Unknown,,Y, , , , , , , , , , ,Y,Y, , , , , , , ,Unknown,,Y,Unknown,,Y,,Y,,Y,"[REDACTED, MAY CONTAIN CONFIDENTIAL BUSINESS INFORMATION]",Y,"[REDACTED, MAY CONTAIN CONFIDENTIAL BUSINESS INFORMATION]",Y
1243-1246,1,"Subaru of America, Inc.",1-Day,,,Sep-21,JF2GTAEC7MH, ,N/A,Subaru,Crosstrek, ,2021, ,2301733b0fd9e3f,800, ,Consumer,,Y, ,No,ADAS,, ,Y, ,Y, , , , ,,Sep-21, ,Sep-21,16:18, ,e537827d2d65439,,Y,,Y,[MAY CONTAIN PERSONALLY IDENTIFIABLE INFORMATION], ,Missouri Valley, ,IA ,[MAY CONTAIN PERSONALLY IDENTIFIABLE INFORMATION], ,Highway / Freeway,Dry,No Unusual Conditions,70, ,Daylight,Y, , , , , , , ,,Other Fixed Object,No Injuries Reported,Yes,,,, , , , , , , , , , , ,Proceeding Straight,No,Unknown,Yes,80, ,Y,Y,Y, , , , , , , , , ,Y, ,Y, , , , ,Unknown,,Y,Unknown,,Y,,Y,,Y,Unknown, ,"[REDACTED, MAY CONTAIN CONFIDENTIAL BUSINESS INFORMATION]",Y