Report ID,Report Version,Reporting Entity,Report Type,Report Month,Report Year,Report Submission Date,VIN,VIN - Unknown,Serial Number,Make,Model,Model - Unknown,Model Year,Model Year - Unknown,Same Vehicle ID,Mileage,Mileage - Unknown,Driver / Operator Type,ADAS/ADS Version,ADAS/ADS Version - Unknown,ADAS/ADS Version CBI,ADS Equipped?,Automation System Engaged?,Operating Entity,Operating Entity - Unknown,Source - Complaint/Claim,Source - Telematics,Source - Law Enforcement,Source - Field Report,Source - Testing,Source - Media,Source - Other,Source - Other Text,Incident Date,Incident Date - Unknown,Notice Received Date,Incident Time (24:00),Incident Time - Unknown,Same Incident ID,Latitude,Latitude  - Unknown,Longitude,Longitude - Unknown,Address,Address - Unknown,City,City - Unknown,State,Zip Code,Zip Code - Unknown,Roadway Type,Roadway Surface,Roadway Description,Posted Speed Limit (MPH),Posted Speed Limit - Unknown,Lighting,Weather - Clear,Weather - Snow,Weather - Cloudy,Weather - Fog/Smoke,Weather - Rain,Weather - Severe Wind,Weather - Unknown,Weather - Other,Weather - Other Text,Crash With,Highest Injury Severity,Property Damage?,CP Pre-Crash Movement,CP Any Air Bags Deployed?,CP Was Vehicle Towed?,CP Contact Area - Rear Left,CP Contact Area - Left,CP Contact Area - Front Left,CP Contact Area - Rear,CP Contact Area - Top,CP Contact Area - Front,CP Contact Area - Rear Right,CP Contact Area - Right,CP Contact Area - Front Right,CP Contact Area - Bottom,CP Contact Area - Unknown,SV Pre-Crash Movement,SV Any Air Bags Deployed?,SV Was Vehicle Towed?,SV Were All Passengers Belted?,SV Precrash Speed (MPH),SV Pre-crash Speed - Unknown,SV Contact Area - Rear Left,SV Contact Area - Left,SV Contact Area - Front Left,SV Contact Area - Rear,SV Contact Area - Top,SV Contact Area - Front,SV Contact Area - Rear Right,SV Contact Area - Right,SV Contact Area - Front Right,SV Contact Area - Bottom,SV Contact Area - Unknown,Data Availability - EDR,Data Availability - Police Rpt,Data Availability - Telematics,Data Availability - Complaints,Data Availability - Video,Data Availability - Other,Data Availability - No Data,Data Availability - Unknown,Law Enforcement Investigating?,Investigating Agency,Investigating Agency - Unknown,Rep Ent Or Mfr Investigating?,Investigating Officer Name,Inv. Officer Name - Unknown,Investigating Officer Phone,Inv. Officer Phone - Unknown,Investigating Officer Email,Inv. Officer Email - Unknown,Within ODD?,Within ODD? - CBI,Narrative,Narrative - CBI?
13781-4098,1,"Tesla, Inc.",1-Day,,,Oct-22,5YJXCBE21LF, ,N/A,Tesla,Model X, ,2020, ,508ff4ef2be0dd7,41912, ,Consumer,"[REDACTED, MAY CONTAIN CONFIDENTIAL BUSINESS INFORMATION]", ,Y,No,ADAS,, , ,Y, , , , , ,,Oct-22, ,Oct-22,19:18, ,fd82ce347e5535b,[MAY CONTAIN PERSONALLY IDENTIFIABLE INFORMATION], ,[MAY CONTAIN PERSONALLY IDENTIFIABLE INFORMATION], ,[MAY CONTAIN PERSONALLY IDENTIFIABLE INFORMATION], ,Glendora, ,CA ,[MAY CONTAIN PERSONALLY IDENTIFIABLE INFORMATION], ,Unknown,Unknown,Unknown,,Y,Unknown, , , , , , ,Y, ,,Unknown,Unknown,Unknown,Unknown,Unknown,Unknown, , , , , , , , , , ,Y,Unknown,No,Yes,Unknown,,Y, , , , , , , , , , ,Y,Y, , , , , , , ,Unknown,,Y,Unknown,,Y,,Y,,Y,"[REDACTED, MAY CONTAIN CONFIDENTIAL BUSINESS INFORMATION]",Y,"[REDACTED, MAY CONTAIN CONFIDENTIAL BUSINESS INFORMATION]",Y
13781-4097,1,"Tesla, Inc.",1-Day,,,Oct-22,5YJ3E1EA5JF, ,N/A,Tesla,Model 3, ,2018, ,b41fa69808af65c,60040, ,Consumer,"[REDACTED, MAY CONTAIN CONFIDENTIAL BUSINESS INFORMATION]", ,Y,No,ADAS,, , ,Y, , , , , ,,Oct-22, ,Oct-22,20:08, ,12dbedf53a37359,[MAY CONTAIN PERSONALLY IDENTIFIABLE INFORMATION], ,[MAY CONTAIN PERSONALLY IDENTIFIABLE INFORMATION], ,[MAY CONTAIN PERSONALLY IDENTIFIABLE INFORMATION], ,Vacaville, ,CA ,[MAY CONTAIN PERSONALLY IDENTIFIABLE INFORMATION], ,Unknown,Unknown,Unknown,,Y,Unknown, , , , , , ,Y, ,,Unknown,Unknown,Yes,Unknown,Unknown,Unknown, , , , , , , , , , ,Y,Unknown,Yes,Unknown,Unknown,,Y, , , , , , , , , , ,Y,Y, , , , , , , ,Unknown,,Y,Unknown,,Y,,Y,,Y,"[REDACTED, MAY CONTAIN CONFIDENTIAL BUSINESS INFORMATION]",Y,"[REDACTED, MAY CONTAIN CONFIDENTIAL BUSINESS INFORMATION]",Y
13781-4096,1,"Tesla, Inc.",1-Day,,,Oct-22,5YJ3E1EA7KF, ,N/A,Tesla,Model 3, ,2019, ,356854ae9084750,33350, ,Consumer,"[REDACTED, MAY CONTAIN CONFIDENTIAL BUSINESS INFORMATION]", ,Y,No,ADAS,, , ,Y, , , , , ,,Oct-22, ,Oct-22,23:15, ,a1697c41a671be3,[MAY CONTAIN PERSONALLY IDENTIFIABLE INFORMATION], ,[MAY CONTAIN PERSONALLY IDENTIFIABLE INFORMATION], ,[MAY CONTAIN PERSONALLY IDENTIFIABLE INFORMATION], ,Los Gatos, ,CA ,[MAY CONTAIN PERSONALLY IDENTIFIABLE INFORMATION], ,Unknown,Unknown,Unknown,,Y,Unknown, , , , , , ,Y, ,,Unknown,Unknown,Yes,Unknown,Unknown,Unknown, , , , , , , , , , ,Y,Unknown,Yes,Unknown,Unknown,,Y, , , , , , , , , , ,Y,Y, , , , , , , ,Unknown,,Y,Unknown,,Y,,Y,,Y,"[REDACTED, MAY CONTAIN CONFIDENTIAL BUSINESS INFORMATION]",Y,"[REDACTED, MAY CONTAIN CONFIDENTIAL BUSINESS INFORMATION]",Y
13781-4011,2,"Tesla, Inc.",10-Day Update,,,Oct-22,5YJ3E1EAXJF, ,N/A,Tesla,Model 3, ,2018, ,b915cada4e13a06,,Y,Consumer,"[REDACTED, MAY CONTAIN CONFIDENTIAL BUSINESS INFORMATION]", ,Y,No,ADAS,, ,Y, , , , , , ,,Sep-22, ,Oct-22,,Y,2e446d9a8d991f2,,Y,,Y,[MAY CONTAIN PERSONALLY IDENTIFIABLE INFORMATION], ,,Y,CA ,,Y,Unknown,Unknown,Unknown,,Y,Unknown, , , , , , ,Y, ,,Unknown,Fatality,Yes,Unknown,Unknown,Unknown, , , , , , , , , , ,Y,Unknown,Unknown,Unknown,Unknown,,Y, , , , , , , , , , ,Y, , , ,Y, ,Y, , ,Unknown,,Y,Unknown,,Y,,Y,,Y,"[REDACTED, MAY CONTAIN CONFIDENTIAL BUSINESS INFORMATION]",Y,"[REDACTED, MAY CONTAIN CONFIDENTIAL BUSINESS INFORMATION]",Y
1243-4002,2,"Subaru of America, Inc.",10-Day Update,,,Oct-22,JF2SKARC5MH, ,N/A,Subaru,Forester, ,2021, ,601dce1b92b80d9,22974, ,Consumer,,Y, ,No,ADAS,, ,Y, , , , , , ,,Oct-22, ,Oct-22,12:50, ,7a34be589143ad8,[MAY CONTAIN PERSONALLY IDENTIFIABLE INFORMATION], ,[MAY CONTAIN PERSONALLY IDENTIFIABLE INFORMATION], ,[MAY CONTAIN PERSONALLY IDENTIFIABLE INFORMATION], ,San Luis Obispo, ,CA ,[MAY CONTAIN PERSONALLY IDENTIFIABLE INFORMATION], ,Highway / Freeway,Dry,No Unusual Conditions,65, ,Daylight,Y, , , , , , ,Y,Windy,Van,Unknown,Yes,Proceeding Straight,No,No,Y, , , , , , , , , , ,Changing Lanes,Yes,Yes,Yes,70, , , , , ,Y, , , ,Y, , , ,Y,Y, , , , , ,Unknown,,Y,Unknown,,Y,,Y,,Y,"Unknown, see Narrative", ,"[REDACTED, MAY CONTAIN CONFIDENTIAL BUSINESS INFORMATION]",Y
13781-4085,1,"Tesla, Inc.",1-Day,,,Oct-22,5YJYGAEE8MF, ,N/A,Tesla,Model Y, ,2021, ,1360c2692351b0f,41024, ,Consumer,"[REDACTED, MAY CONTAIN CONFIDENTIAL BUSINESS INFORMATION]", ,Y,No,ADAS,, , ,Y, , , , , ,,Oct-22, ,Oct-22,0:25, ,d981ccc34e7a091,[MAY CONTAIN PERSONALLY IDENTIFIABLE INFORMATION], ,[MAY CONTAIN PERSONALLY IDENTIFIABLE INFORMATION], ,[MAY CONTAIN PERSONALLY IDENTIFIABLE INFORMATION], ,San Jose, ,CA ,[MAY CONTAIN PERSONALLY IDENTIFIABLE INFORMATION], ,Unknown,Unknown,Unknown,,Y,Unknown, , , , , , ,Y, ,,Unknown,Unknown,Yes,Unknown,Unknown,Unknown, , , , , , , , , , ,Y,Unknown,Yes,Unknown,Unknown,,Y, , , , , , , , , , ,Y,Y, , , , , , , ,Unknown,,Y,Unknown,,Y,,Y,,Y,"[REDACTED, MAY CONTAIN CONFIDENTIAL BUSINESS INFORMATION]",Y,"[REDACTED, MAY CONTAIN CONFIDENTIAL BUSINESS INFORMATION]",Y
13781-4084,1,"Tesla, Inc.",1-Day,,,Oct-22,5YJ3E1EA8JF, ,N/A,Tesla,Model 3, ,2018, ,700e99093b5788d,53820, ,Consumer,"[REDACTED, MAY CONTAIN CONFIDENTIAL BUSINESS INFORMATION]", ,Y,No,ADAS,, , ,Y, , , , , ,,Oct-22, ,Oct-22,21:58, ,45afb790cc7264b,[MAY CONTAIN PERSONALLY IDENTIFIABLE INFORMATION], ,[MAY CONTAIN PERSONALLY IDENTIFIABLE INFORMATION], ,[MAY CONTAIN PERSONALLY IDENTIFIABLE INFORMATION], ,Riverside, ,CA ,[MAY CONTAIN PERSONALLY IDENTIFIABLE INFORMATION], ,Unknown,Unknown,Unknown,,Y,Unknown, , , , , , ,Y, ,,Unknown,Unknown,Yes,Unknown,Unknown,Unknown, , , , , , , , , , ,Y,Unknown,Yes,Unknown,Unknown,,Y, , , , , , , , , , ,Y,Y, , , , , , , ,Unknown,,Y,Unknown,,Y,,Y,,Y,"[REDACTED, MAY CONTAIN CONFIDENTIAL BUSINESS INFORMATION]",Y,"[REDACTED, MAY CONTAIN CONFIDENTIAL BUSINESS INFORMATION]",Y
13781-4069,1,"Tesla, Inc.",1-Day,,,Oct-22,5YJ3E1EB3NF, ,N/A,Tesla,Model 3, ,2022, ,595e85a10337782,33143, ,Consumer,"[REDACTED, MAY CONTAIN CONFIDENTIAL BUSINESS INFORMATION]", ,Y,No,ADAS,, , ,Y, , , , , ,,Oct-22, ,Oct-22,8:23, ,4108fc48f4ff21f,[MAY CONTAIN PERSONALLY IDENTIFIABLE INFORMATION], ,[MAY CONTAIN PERSONALLY IDENTIFIABLE INFORMATION], ,[MAY CONTAIN PERSONALLY IDENTIFIABLE INFORMATION], ,Santee, ,CA ,[MAY CONTAIN PERSONALLY IDENTIFIABLE INFORMATION], ,Unknown,Unknown,Unknown,,Y,Unknown, , , , , , ,Y, ,,Unknown,Unknown,Yes,Unknown,Unknown,Unknown, , , , , , , , , , ,Y,Unknown,Yes,Unknown,Unknown,,Y, , , , , , , , , , ,Y,Y, , , , , , , ,Unknown,,Y,Unknown,,Y,,Y,,Y,"[REDACTED, MAY CONTAIN CONFIDENTIAL BUSINESS INFORMATION]",Y,"[REDACTED, MAY CONTAIN CONFIDENTIAL BUSINESS INFORMATION]",Y
13781-4004,2,"Tesla, Inc.",10-Day Update,,,Oct-22,5YJYGDED9MF, ,N/A,Tesla,Model Y, ,2021, ,7127444e6e85a59,74084, ,Consumer,"[REDACTED, MAY CONTAIN CONFIDENTIAL BUSINESS INFORMATION]", ,Y,No,ADAS,, , ,Y, , , , , ,,Oct-22, ,Oct-22,3:10, ,93429956dc78684,[MAY CONTAIN PERSONALLY IDENTIFIABLE INFORMATION], ,[MAY CONTAIN PERSONALLY IDENTIFIABLE INFORMATION], ,[MAY CONTAIN PERSONALLY IDENTIFIABLE INFORMATION], ,Banning, ,CA ,[MAY CONTAIN PERSONALLY IDENTIFIABLE INFORMATION], ,Highway / Freeway,Unknown,Unknown,70, ,Unknown, , , , , , ,Y, ,,Unknown,Unknown,Yes,Unknown,Unknown,Unknown, , , , , , , , , , ,Y,Proceeding Straight,Yes,Unknown,Unknown,83, , , , , , , , , , , ,Y, , ,Y, , ,Y, , ,Unknown,,Y,Unknown,,Y,,Y,,Y,"[REDACTED, MAY CONTAIN CONFIDENTIAL BUSINESS INFORMATION]",Y,"[REDACTED, MAY CONTAIN CONFIDENTIAL BUSINESS INFORMATION]",Y
13781-3992,2,"Tesla, Inc.",10-Day Update,,,Oct-22,5YJYGDEEXLF, ,N/A,Tesla,Model Y, ,2020, ,846772d73f00ca4,36979, ,Consumer,"[REDACTED, MAY CONTAIN CONFIDENTIAL BUSINESS INFORMATION]", ,Y,No,ADAS,, , ,Y, , , , , ,,Oct-22, ,Oct-22,13:00, ,a6a0a75214f831b,[MAY CONTAIN PERSONALLY IDENTIFIABLE INFORMATION], ,[MAY CONTAIN PERSONALLY IDENTIFIABLE INFORMATION], ,[MAY CONTAIN PERSONALLY IDENTIFIABLE INFORMATION], ,Murrieta, ,CA ,[MAY CONTAIN PERSONALLY IDENTIFIABLE INFORMATION], ,Highway / Freeway,Dry,No Unusual Conditions,65, ,Dark - Not Lighted, , ,Y, , , , , ,,Other Fixed Object,Unknown,Yes,,,, , , , , , , , , , , ,Proceeding Straight,Yes,Unknown,Unknown,72, ,Y,Y,Y, , , , , , , , ,Y, ,Y, ,Y,Y, , ,Unknown,,Y,Unknown,,Y,,Y,,Y,"[REDACTED, MAY CONTAIN CONFIDENTIAL BUSINESS INFORMATION]",Y,"[REDACTED, MAY CONTAIN CONFIDENTIAL BUSINESS INFORMATION]",Y
1243-4002,1,"Subaru of America, Inc.",1-Day,,,Oct-22,JF2SKARC5MH, ,N/A,Subaru,Forester, ,2021, ,601dce1b92b80d9,29000, ,Consumer,,Y, ,No,ADAS,, ,Y, , , , , , ,,Oct-22, ,Oct-22,8:00, ,7a34be589143ad8,,Y,,Y,[MAY CONTAIN PERSONALLY IDENTIFIABLE INFORMATION], ,San Louis Obispo, ,CA ,,Y,Highway / Freeway,Dry,Unknown,65, ,Daylight,Y, , , , , , ,Y,Windy,Passenger Car,Unknown,Yes,Proceeding Straight,Unknown,Unknown,Y, , , , , , , , , , ,Proceeding Straight,Yes,Yes,Yes,60, , , , , ,Y, , , ,Y, , , , , , , , , ,Y,Unknown,,Y,Unknown,,Y,,Y,,Y,"Unknown, see Narrative", ,"[REDACTED, MAY CONTAIN CONFIDENTIAL BUSINESS INFORMATION]",Y
13781-3946,2,"Tesla, Inc.",10-Day Update,,,Oct-22,7SAYGDEE5NF, ,N/A,Tesla,Model Y, ,2022, ,1dea1a54e84ba7f,20311, ,Consumer,"[REDACTED, MAY CONTAIN CONFIDENTIAL BUSINESS INFORMATION]", ,Y,No,ADAS,, , ,Y, , , , , ,,Oct-22, ,Oct-22,1:37, ,0155fdb6d17d867,[MAY CONTAIN PERSONALLY IDENTIFIABLE INFORMATION], ,[MAY CONTAIN PERSONALLY IDENTIFIABLE INFORMATION], ,[MAY CONTAIN PERSONALLY IDENTIFIABLE INFORMATION], ,Tracy, ,CA ,[MAY CONTAIN PERSONALLY IDENTIFIABLE INFORMATION], ,Highway / Freeway,Dry,No Unusual Conditions,65, ,"Other, see Narrative",Y, , , , , , , ,,Passenger Car,Unknown,Yes,Proceeding Straight,Unknown,Unknown,Y, , ,Y, , ,Y, , , , ,Proceeding Straight,Yes,Unknown,Unknown,51, , , ,Y, , ,Y, , ,Y, , ,Y, ,Y, ,Y,Y, , ,Unknown,,Y,Unknown,,Y,,Y,,Y,"[REDACTED, MAY CONTAIN CONFIDENTIAL BUSINESS INFORMATION]",Y,"[REDACTED, MAY CONTAIN CONFIDENTIAL BUSINESS INFORMATION]",Y
13781-4011,1,"Tesla, Inc.",1-Day,,,Oct-22,,Y,,Tesla,Model 3, ,,Y, ,,Y,Consumer,"[REDACTED, MAY CONTAIN CONFIDENTIAL BUSINESS INFORMATION]",Y,Y,No,ADAS,, ,Y, , , , , , ,,Sep-22, ,Oct-22,,Y, ,,Y,,Y,[MAY CONTAIN PERSONALLY IDENTIFIABLE INFORMATION], ,,Y,CA ,,Y,Unknown,Unknown,Unknown,,Y,Unknown, , , , , , ,Y, ,,Unknown,Fatality,Yes,Unknown,Unknown,Unknown, , , , , , , , , , ,Y,Unknown,Unknown,Unknown,Unknown,,Y, , , , , , , , , , ,Y, , , , , , , ,Y,Unknown,,Y,Unknown,,Y,,Y,,Y,"[REDACTED, MAY CONTAIN CONFIDENTIAL BUSINESS INFORMATION]",Y,"[REDACTED, MAY CONTAIN CONFIDENTIAL BUSINESS INFORMATION]",Y
13781-4004,1,"Tesla, Inc.",1-Day,,,Oct-22,5YJYGDED9MF, ,N/A,Tesla,Model Y, ,2021, ,7127444e6e85a59,74084, ,Consumer,"[REDACTED, MAY CONTAIN CONFIDENTIAL BUSINESS INFORMATION]", ,Y,No,ADAS,, , ,Y, , , , , ,,Oct-22, ,Oct-22,3:10, ,93429956dc78684,[MAY CONTAIN PERSONALLY IDENTIFIABLE INFORMATION], ,[MAY CONTAIN PERSONALLY IDENTIFIABLE INFORMATION], ,[MAY CONTAIN PERSONALLY IDENTIFIABLE INFORMATION], ,Banning, ,CA ,[MAY CONTAIN PERSONALLY IDENTIFIABLE INFORMATION], ,Unknown,Unknown,Unknown,,Y,Unknown, , , , , , ,Y, ,,Unknown,Unknown,Yes,Unknown,Unknown,Unknown, , , , , , , , , , ,Y,Unknown,Yes,Unknown,Unknown,,Y, , , , , , , , , , ,Y,Y, , , , , , , ,Unknown,,Y,Unknown,,Y,,Y,,Y,"[REDACTED, MAY CONTAIN CONFIDENTIAL BUSINESS INFORMATION]",Y,"[REDACTED, MAY CONTAIN CONFIDENTIAL BUSINESS INFORMATION]",Y
13781-3953,2,"Tesla, Inc.",10-Day Update,,,Oct-22,5YJ3E1EB0NF, ,N/A,Tesla,Model 3, ,2022, ,5f0af927169ec9c,1945, ,Consumer,"[REDACTED, MAY CONTAIN CONFIDENTIAL BUSINESS INFORMATION]", ,Y,No,ADAS,, , ,Y, , , , , ,,Oct-22, ,Oct-22,13:22, ,20470e6afef9861,[MAY CONTAIN PERSONALLY IDENTIFIABLE INFORMATION], ,[MAY CONTAIN PERSONALLY IDENTIFIABLE INFORMATION], ,[MAY CONTAIN PERSONALLY IDENTIFIABLE INFORMATION], ,Los Angeles, ,CA ,[MAY CONTAIN PERSONALLY IDENTIFIABLE INFORMATION], ,Highway / Freeway,Dry,Traffic Incident,65, ,Dawn / Dusk, , ,Y, , , , , ,,Passenger Car,Unknown,Yes,Unknown,Unknown,Unknown,Y, , ,Y, , ,Y, , , , ,Proceeding Straight,Unknown,Yes,Unknown,28, , , ,Y, , ,Y, , ,Y, , ,Y, ,Y, ,Y,Y, , ,Unknown,,Y,Unknown,,Y,,Y,,Y,"[REDACTED, MAY CONTAIN CONFIDENTIAL BUSINESS INFORMATION]",Y,"[REDACTED, MAY CONTAIN CONFIDENTIAL BUSINESS INFORMATION]",Y
13781-3992,1,"Tesla, Inc.",1-Day,,,Oct-22,5YJYGDEEXLF, ,N/A,Tesla,Model Y, ,2020, ,846772d73f00ca4,36979, ,Consumer,"[REDACTED, MAY CONTAIN CONFIDENTIAL BUSINESS INFORMATION]", ,Y,No,ADAS,, , ,Y, , , , , ,,Oct-22, ,Oct-22,13:00, ,a6a0a75214f831b,[MAY CONTAIN PERSONALLY IDENTIFIABLE INFORMATION], ,[MAY CONTAIN PERSONALLY IDENTIFIABLE INFORMATION], ,[MAY CONTAIN PERSONALLY IDENTIFIABLE INFORMATION], ,Murrieta, ,CA ,[MAY CONTAIN PERSONALLY IDENTIFIABLE INFORMATION], ,Unknown,Unknown,Unknown,,Y,Unknown, , , , , , ,Y, ,,Unknown,Unknown,Yes,Unknown,Unknown,Unknown, , , , , , , , , , ,Y,Unknown,Yes,Unknown,Unknown,,Y, , , , , , , , , , ,Y,Y, , , , , , , ,Unknown,,Y,Unknown,,Y,,Y,,Y,"[REDACTED, MAY CONTAIN CONFIDENTIAL BUSINESS INFORMATION]",Y,"[REDACTED, MAY CONTAIN CONFIDENTIAL BUSINESS INFORMATION]",Y
13781-3939,2,"Tesla, Inc.",10-Day Update,,,Oct-22,5YJXCBE22JF, ,N/A,Tesla,Model X, ,2018, ,3f395d68479837e,46846, ,Consumer,"[REDACTED, MAY CONTAIN CONFIDENTIAL BUSINESS INFORMATION]", ,Y,No,ADAS,, , ,Y, , , , , ,,Sep-22, ,Sep-22,15:39, ,08b6e740982f26f,[MAY CONTAIN PERSONALLY IDENTIFIABLE INFORMATION], ,[MAY CONTAIN PERSONALLY IDENTIFIABLE INFORMATION], ,[MAY CONTAIN PERSONALLY IDENTIFIABLE INFORMATION], ,San Jose, ,CA ,[MAY CONTAIN PERSONALLY IDENTIFIABLE INFORMATION], ,Street,Dry,No Unusual Conditions,35, ,Daylight, , ,Y, , , , , ,,Passenger Car,Unknown,Yes,Making Left Turn,Yes,Unknown, , , , , , ,Y,Y,Y, , ,Changing Lanes,Yes,Unknown,Unknown,22, , , ,Y, , ,Y, , ,Y, , ,Y, ,Y, ,Y,Y, , ,Unknown,,Y,Unknown,,Y,,Y,,Y,"[REDACTED, MAY CONTAIN CONFIDENTIAL BUSINESS INFORMATION]",Y,"[REDACTED, MAY CONTAIN CONFIDENTIAL BUSINESS INFORMATION]",Y
13781-3936,2,"Tesla, Inc.",10-Day Update,,,Oct-22,5YJ3E1EA5NF, ,N/A,Tesla,Model 3, ,2022, ,c0c31e57e471920,30431, ,Consumer,"[REDACTED, MAY CONTAIN CONFIDENTIAL BUSINESS INFORMATION]", ,Y,No,ADAS,, , ,Y, , , , , ,,Sep-22, ,Sep-22,3:42, ,af93c12e34e6489,[MAY CONTAIN PERSONALLY IDENTIFIABLE INFORMATION], ,[MAY CONTAIN PERSONALLY IDENTIFIABLE INFORMATION], ,[MAY CONTAIN PERSONALLY IDENTIFIABLE INFORMATION], ,Vacaville, ,CA ,[MAY CONTAIN PERSONALLY IDENTIFIABLE INFORMATION], ,Highway / Freeway,Dry,No Unusual Conditions,65, ,Dark - Not Lighted,Y, , , , , , , ,,Passenger Car,Unknown,Yes,"Other, see Narrative",Unknown,Unknown, , , , , ,Y, , ,Y, , ,Proceeding Straight,Yes,Unknown,Unknown,61, , ,Y,Y, , ,Y, , , , , ,Y, ,Y, ,Y,Y, , ,Unknown,,Y,Unknown,,Y,,Y,,Y,"[REDACTED, MAY CONTAIN CONFIDENTIAL BUSINESS INFORMATION]",Y,"[REDACTED, MAY CONTAIN CONFIDENTIAL BUSINESS INFORMATION]",Y
13781-3921,2,"Tesla, Inc.",10-Day Update,,,Oct-22,7SAYGDEEXNF, ,N/A,Tesla,Model Y, ,2022, ,20908666ec77a77,6067, ,Consumer,"[REDACTED, MAY CONTAIN CONFIDENTIAL BUSINESS INFORMATION]", ,Y,No,ADAS,, , ,Y, , , , , ,,Sep-22, ,Sep-22,17:13, ,1f45b9a76d15d44,[MAY CONTAIN PERSONALLY IDENTIFIABLE INFORMATION], ,[MAY CONTAIN PERSONALLY IDENTIFIABLE INFORMATION], ,[MAY CONTAIN PERSONALLY IDENTIFIABLE INFORMATION], ,Corona, ,CA ,[MAY CONTAIN PERSONALLY IDENTIFIABLE INFORMATION], ,Highway / Freeway,Dry,No Unusual Conditions,65, ,Daylight,Y, , , , , , , ,,Other Fixed Object,Unknown,Yes,,,, , , , , , , , , , , ,Proceeding Straight,Yes,Unknown,Unknown,56, ,Y,Y,Y, , , , , , , , ,Y, ,Y, ,Y,Y, , ,Unknown,,Y,Unknown,,Y,,Y,,Y,"[REDACTED, MAY CONTAIN CONFIDENTIAL BUSINESS INFORMATION]",Y,"[REDACTED, MAY CONTAIN CONFIDENTIAL BUSINESS INFORMATION]",Y
13781-3927,2,"Tesla, Inc.",10-Day Update,,,Oct-22,5YJ3E1EBXMF, ,N/A,Tesla,Model 3, ,2021, ,349ffac9674eefc,19063, ,Consumer,"[REDACTED, MAY CONTAIN CONFIDENTIAL BUSINESS INFORMATION]", ,Y,No,ADAS,, , ,Y, , , , , ,,Sep-22, ,Sep-22,15:18, ,35b4d99ee13d98c,[MAY CONTAIN PERSONALLY IDENTIFIABLE INFORMATION], ,[MAY CONTAIN PERSONALLY IDENTIFIABLE INFORMATION], ,[MAY CONTAIN PERSONALLY IDENTIFIABLE INFORMATION], ,Corona, ,CA ,[MAY CONTAIN PERSONALLY IDENTIFIABLE INFORMATION], ,Highway / Freeway,Dry,No Unusual Conditions,65, ,Daylight,Y, , , , , , , ,,Other Fixed Object,Unknown,Yes,,,, , , , , , , , , , , ,Proceeding Straight,Yes,Unknown,Unknown,64, , ,Y,Y, , , , , , , , ,Y, ,Y, ,Y,Y, , ,Unknown,,Y,Unknown,,Y,,Y,,Y,"[REDACTED, MAY CONTAIN CONFIDENTIAL BUSINESS INFORMATION]",Y,"[REDACTED, MAY CONTAIN CONFIDENTIAL BUSINESS INFORMATION]",Y
13781-3953,1,"Tesla, Inc.",1-Day,,,Oct-22,5YJ3E1EB0NF, ,N/A,Tesla,Model 3, ,2022, ,5f0af927169ec9c,1945, ,Consumer,"[REDACTED, MAY CONTAIN CONFIDENTIAL BUSINESS INFORMATION]", ,Y,No,ADAS,, , ,Y, , , , , ,,Oct-22, ,Oct-22,13:22, ,20470e6afef9861,[MAY CONTAIN PERSONALLY IDENTIFIABLE INFORMATION], ,[MAY CONTAIN PERSONALLY IDENTIFIABLE INFORMATION], ,[MAY CONTAIN PERSONALLY IDENTIFIABLE INFORMATION], ,Los Angeles, ,CA ,[MAY CONTAIN PERSONALLY IDENTIFIABLE INFORMATION], ,Highway / Freeway,Unknown,Unknown,,Y,Unknown, , , , , , ,Y, ,,Unknown,Unknown,Unknown,Unknown,Unknown,Unknown, , , , , , , , , , ,Y,Unknown,Unknown,Yes,Unknown,,Y, , , , , , , , , , ,Y, , , , , ,Y, , ,Unknown,,Y,Unknown,,Y,,Y,,Y,"[REDACTED, MAY CONTAIN CONFIDENTIAL BUSINESS INFORMATION]",Y,"[REDACTED, MAY CONTAIN CONFIDENTIAL BUSINESS INFORMATION]",Y
13781-3946,1,"Tesla, Inc.",1-Day,,,Oct-22,7SAYGDEE5NF, ,N/A,Tesla,Model Y, ,2022, ,1dea1a54e84ba7f,20311, ,Consumer,"[REDACTED, MAY CONTAIN CONFIDENTIAL BUSINESS INFORMATION]", ,Y,No,ADAS,, , ,Y, , , , , ,,Oct-22, ,Oct-22,1:37, ,0155fdb6d17d867,[MAY CONTAIN PERSONALLY IDENTIFIABLE INFORMATION], ,[MAY CONTAIN PERSONALLY IDENTIFIABLE INFORMATION], ,[MAY CONTAIN PERSONALLY IDENTIFIABLE INFORMATION], ,Tracy, ,CA ,[MAY CONTAIN PERSONALLY IDENTIFIABLE INFORMATION], ,Unknown,Unknown,Unknown,,Y,Unknown, , , , , , ,Y, ,,Unknown,Unknown,Yes,Unknown,Unknown,Unknown, , , , , , , , , , ,Y,Unknown,Yes,Unknown,Unknown,,Y, , , , , , , , , , ,Y,Y, , , , , , , ,Unknown,,Y,Unknown,,Y,,Y,,Y,"[REDACTED, MAY CONTAIN CONFIDENTIAL BUSINESS INFORMATION]",Y,"[REDACTED, MAY CONTAIN CONFIDENTIAL BUSINESS INFORMATION]",Y
13781-3939,1,"Tesla, Inc.",1-Day,,,Oct-22,5YJXCBE22JF, ,N/A,Tesla,Model X, ,2018, ,3f395d68479837e,46846, ,Consumer,"[REDACTED, MAY CONTAIN CONFIDENTIAL BUSINESS INFORMATION]", ,Y,No,ADAS,, , ,Y, , , , , ,,Sep-22, ,Sep-22,15:39, ,08b6e740982f26f,[MAY CONTAIN PERSONALLY IDENTIFIABLE INFORMATION], ,[MAY CONTAIN PERSONALLY IDENTIFIABLE INFORMATION], ,[MAY CONTAIN PERSONALLY IDENTIFIABLE INFORMATION], ,Campbell, ,CA ,[MAY CONTAIN PERSONALLY IDENTIFIABLE INFORMATION], ,Unknown,Unknown,Unknown,,Y,Unknown, , , , , , ,Y, ,,Unknown,Unknown,Yes,Unknown,Unknown,Unknown, , , , , , , , , , ,Y,Unknown,Yes,Unknown,Unknown,,Y, , , , , , , , , , ,Y,Y, , , , , , , ,Unknown,,Y,Unknown,,Y,,Y,,Y,"[REDACTED, MAY CONTAIN CONFIDENTIAL BUSINESS INFORMATION]",Y,"[REDACTED, MAY CONTAIN CONFIDENTIAL BUSINESS INFORMATION]",Y
753-3912,2,"Kia America, Inc.",10-Day Update,,,Sep-22,KNDC3DLC8N5, ,[MAY CONTAIN PERSONALLY IDENTIFIABLE INFORMATION],Kia,EV6, ,2022, ,02ce6b3a98744e0,298, ,Consumer,,Y, ,No,ADAS,, ,Y, , , , , , ,,Sep-22, ,Sep-22,13:00, ,e76027a3400d129,[MAY CONTAIN PERSONALLY IDENTIFIABLE INFORMATION], ,[MAY CONTAIN PERSONALLY IDENTIFIABLE INFORMATION], ,[MAY CONTAIN PERSONALLY IDENTIFIABLE INFORMATION], ,Commerce, ,CA ,[MAY CONTAIN PERSONALLY IDENTIFIABLE INFORMATION], ,Highway / Freeway,Dry,No Unusual Conditions,65, ,Daylight, , ,Y, , , , , ,,SUV,No Injuries Reported,No,Proceeding Straight,Unknown,No, , , ,Y, , , , , , , ,Proceeding Straight,No,Yes,Yes,16, , , ,Y, , ,Y, , ,Y, , ,Y, , ,Y, , , , ,Yes,California Highway Patrol, ,Yes,[MAY CONTAIN PERSONALLY IDENTIFIABLE INFORMATION], ,[MAY CONTAIN PERSONALLY IDENTIFIABLE INFORMATION], ,,Y,Yes, ,"On September [XXX], 2022, a Kia Customer Care Center (CC) agent was dispatched a case where the customer is alleging the ""collision assistance feature did not follow through"" resulting in a rear end collision with a 2022 Ford Expedition.  Customer alleges he was traveling approximately 50mph on [XXX] with a following distance of 60-80ft with various safety features active including lane keeping assist, Forward Collision Avoidance and adaptive cruise control.  The customer stated the Expedition had a broken taillight and it was difficult to determine whether the vehicle was slowing down.  Customer noticed his Kia EV6 was not slowing down as his vehicle was approaching the Expedition at approximately 40ft causing him to manually pressed on the brakes.  Customer reported that after depressing the brakes, the collision avoidance alarm sounded but the brakes felt ""spongy"".  Customer alleges the system did not apply what the customer believed to be maximum braking power, even though he had the brakes fully depressed.  Customer rear-ended the Expedition at 15mph. The customer's vehicle was towed.  When asked by CC, the customer reported that HDA and cruise control were engaged at the time of the incident but the customer did not allege that either of those systems caused the accident. 
The subject Kia EV6 is equipped with the ADAS Level 2 Highway Driving Assist (HDA).  HDA is a supplemental system that helps maintain a set distance and speed from the vehicle ahead when driving on a highway and helps keep the vehicle between the lanes while driving.  However, there is no indication from the facts currently available that the HDA system was not working properly.  Kia is currently working on scheduling an inspection of the vehicle.
**9/[XXX]/2022 10-Day Update**
Kia inspected the subject 2022 EV6 vehicle on September [XXX], 2022 and downloaded the vehicles EDR data. Based upon a review of the data, the subject vehicle did not have Smart Cruise Control with Stop & Go (SCC w/ Stop & Go) engaged at least in the last 5 seconds prior to the crash.  In order for HDA to operate, SCC must be engaged.  The EDR data identifies the following:  1) Sign of the last accelerator input is 2.5 seconds prior to crash 2) the first sign of brake pedal input is at 1 second prior to crash 3) the vehicles FCA (Frontal Crash Avoidance) system started warning the driver from 1.6 seconds prior to crash all the way to point of crash and went through all 3 levels of FCA warning (Level 1 warning 1.6-1.4 seconds before crash, Level 2 warning 1.3-0.6 seconds before crash, and the last Level 3 0.5 seconds to point of crash.).
Based on the EDR data, the accident was not caused by a failure and/or disengagement of HDA.", 